world_type	iteration	score_correlation_structure	PC1_variance_CGGA325	PC1_variance_CGGA693	absolute_PC1_equal_ecology_CGGA325	absolute_PC1_equal_ecology_CGGA693
RANDOM_MATCHED_PANEL	1	0.5457347964530176	0.1855679785030362	0.6309538518065934	0.1381278538812785	0.5683976868920708
RANDOM_MATCHED_PANEL	2	0.5252473709688396	0.1933144750450773	0.6516258160216782	0.2224484758731334	0.5200205778959102
RANDOM_MATCHED_PANEL	3	0.5136702015487061	0.2034335889865828	0.6409580389440134	0.317043070467728	0.5303762134766165
RANDOM_MATCHED_PANEL	4	0.5608314958434226	0.1926616126879912	0.6320428549395942	0.1053313587560163	0.5824973563119837
RANDOM_MATCHED_PANEL	5	0.5788211921924056	0.1750694555747196	0.642917206099808	0.2537331852400346	0.547305343584174
RANDOM_MATCHED_PANEL	6	0.5207381613841547	0.1760819108694716	0.6354203644858211	0.2065592990250524	0.646593691350615
RANDOM_MATCHED_PANEL	7	0.5428076702299486	0.1491317400853815	0.6458505780001862	0.2985005553498704	0.5804586203282937
RANDOM_MATCHED_PANEL	8	0.4929702289339254	0.1649847318969622	0.6282626395891951	0.1632111563618413	0.5513351815332438
RANDOM_MATCHED_PANEL	9	0.5493816603194223	0.1988003035141713	0.6410330143902586	0.1016290262865605	0.5788866977240466
RANDOM_MATCHED_PANEL	10	0.5711263894980096	0.2020776055930986	0.6339289123196916	0.2357151672220165	0.5393218821153314
RANDOM_MATCHED_PANEL	11	0.5344718135469961	0.1949520458256718	0.6420585128988417	0.2646242132543502	0.5469719054560004
RANDOM_MATCHED_PANEL	12	0.5184534349510104	0.1768326934788833	0.6551718450741325	0.3730717018388252	0.5504968228109787
RANDOM_MATCHED_PANEL	13	0.4856177490849339	0.1855006403523542	0.6405751638455526	0.3380538072318895	0.4476168700639248
RANDOM_MATCHED_PANEL	14	0.5195436941730551	0.1820288232640838	0.6433748106663952	0.3339503887449093	0.6069431345089408
RANDOM_MATCHED_PANEL	15	0.5659936613719722	0.1923129890352725	0.6275209519006344	0.183573984943848	0.5600522068840683
RANDOM_MATCHED_PANEL	16	0.5589182419018088	0.1963608567334647	0.6513998543106616	0.075897815623843	0.5852124953556831
RANDOM_MATCHED_PANEL	17	0.5457059279713395	0.2061849559109065	0.6400654966754727	0.2592249784030606	0.6056665428182191
RANDOM_MATCHED_PANEL	18	0.5254625475841981	0.1776290962637225	0.6388279342707234	0.3095458472170802	0.5087503691636419
RANDOM_MATCHED_PANEL	19	0.4800122216158974	0.203500240010251	0.6460476762335656	0.2621868443786253	0.5241075766669525
RANDOM_MATCHED_PANEL	20	0.5904612047821028	0.1967471737226398	0.6467650914776554	0.2515426385289399	0.557889622452771
RANDOM_MATCHED_PANEL	21	0.5246942837182824	0.1971715186319848	0.6387613554812404	0.2074231766012588	0.5378547543513675
RANDOM_MATCHED_PANEL	22	0.5162153353214836	0.1661353382368405	0.6375975702965078	0.1242441071208194	0.6417254946792801
RANDOM_MATCHED_PANEL	23	0.534357183657865	0.1946923887774886	0.625510702788519	0.2276008885597927	0.6595596711347376
RANDOM_MATCHED_PANEL	24	0.5441107118907128	0.1773243896554726	0.6449862396021159	0.0999321239047266	0.5896805662732096
RANDOM_MATCHED_PANEL	25	0.5563862356729312	0.220672464358751	0.6445080826909821	0.2232197951376034	0.4461878495146092
RANDOM_MATCHED_PANEL	26	0.555543238675662	0.1913851961663438	0.6469687655956295	0.1501295816364309	0.521211428353673
RANDOM_MATCHED_PANEL	27	0.5228344175552669	0.1977186404810975	0.6570460114768351	0.2476551894360113	0.4957748625758571
RANDOM_MATCHED_PANEL	28	0.5288157237469475	0.2015784595328631	0.6404074103953308	0.2776132296680242	0.5698362342450485
RANDOM_MATCHED_PANEL	29	0.5478575813340341	0.1966576302917594	0.6327742275838429	0.0129273108725163	0.62659693046386
RANDOM_MATCHED_PANEL	30	0.4969776554134194	0.1993933742861038	0.6445856526211996	0.1770640503517216	0.6088294416340373
RANDOM_MATCHED_PANEL	31	0.5366829213980554	0.1884003439067181	0.6517346210130676	0.2598420338146365	0.6121542961121114
RANDOM_MATCHED_PANEL	32	0.5438143515440907	0.193281377154267	0.6435518318107232	0.2061890657781069	0.5491630702982843
RANDOM_MATCHED_PANEL	33	0.520056360608986	0.2022265674547144	0.6474469991873868	0.2176354436628409	0.4965751140834737
RANDOM_MATCHED_PANEL	34	0.5495526977107137	0.1803762499879896	0.6412407682298502	0.1723435764531655	0.693627521030419
RANDOM_MATCHED_PANEL	35	0.5379827601653594	0.1820287795818743	0.6379180642533782	0.2177588547451561	0.5593186430020863
RANDOM_MATCHED_PANEL	36	0.5148556142912323	0.1877870647649719	0.6353689473262772	0.0883931877082562	0.5902426476892737
RANDOM_MATCHED_PANEL	37	0.4886582627547874	0.193127747294597	0.6468380036558212	0.1854251511785758	0.5536406680194726
RANDOM_MATCHED_PANEL	38	0.4881438782917038	0.1884610384151595	0.6411048669861795	0.2685425151178576	0.5253841683576742
RANDOM_MATCHED_PANEL	39	0.538570730101594	0.2016338958140494	0.6517671389583903	0.2079785264716772	0.5411700820257795
RANDOM_MATCHED_PANEL	40	0.538158161588568	0.1750367944201602	0.6483743786019294	0.1266506232259657	0.5751331370811779
RANDOM_MATCHED_PANEL	41	0.5688335392747979	0.1631469974626554	0.6452366321415524	0.1289337282487967	0.6533386683433842
RANDOM_MATCHED_PANEL	42	0.5371501834406279	0.195575710448014	0.6394726249793563	0.3177835369616192	0.4796745643869025
RANDOM_MATCHED_PANEL	43	0.5451728772153973	0.1590149006334659	0.6433605137456591	0.2990559052202888	0.5941200567797498
RANDOM_MATCHED_PANEL	44	0.5370350410453855	0.1934368477568719	0.655428436809781	0.1505923731951129	0.5785818400068593
RANDOM_MATCHED_PANEL	45	0.5713444284350909	0.1789569169061975	0.6404255248727958	0.2199802542268296	0.5855364066801948
RANDOM_MATCHED_PANEL	46	0.5056579190193875	0.181046463376912	0.6603749738713975	0.197457731704307	0.5476673621233339
RANDOM_MATCHED_PANEL	47	0.5691123952058594	0.1926162253641659	0.6408995426685127	0.3278415401703073	0.590185486867301
RANDOM_MATCHED_PANEL	48	0.5571546847986834	0.1902764057067615	0.6460379992471856	0.1875231395779341	0.6774129011975192
RANDOM_MATCHED_PANEL	49	0.5419484597148239	0.2036438091412535	0.639026208490522	0.2859434777242997	0.5190107367077271
RANDOM_MATCHED_PANEL	50	0.496021195359678	0.1805345034096745	0.6436919239805067	0.1967481179809947	0.5593281698057485
RANDOM_MATCHED_PANEL	51	0.5398326015028707	0.1858589896141133	0.633141012685671	0.443940515858324	0.4744824563910562
RANDOM_MATCHED_PANEL	52	0.5553743659772309	0.1733261857675677	0.6417446684858387	0.1762001727755152	0.5384644697857421
RANDOM_MATCHED_PANEL	53	0.5338414872224587	0.1979533824591007	0.6362753380388037	0.2408058743675182	0.5935579753636857
RANDOM_MATCHED_PANEL	54	0.5212768650557126	0.1859032677148573	0.6362553714993681	0.134086140935456	0.6240628006897406
RANDOM_MATCHED_PANEL	55	0.5401623497531824	0.1848461862809672	0.6408968277512953	0.1965938541281007	0.4918402926634084
RANDOM_MATCHED_PANEL	56	0.5349840910575613	0.1722629393845594	0.6383047206921594	0.2553992348512897	0.6112111425495632
RANDOM_MATCHED_PANEL	57	0.4775797921321255	0.191557859377873	0.6457268457867243	0.2428421572257189	0.4979374470071546
RANDOM_MATCHED_PANEL	58	0.5418589212022449	0.1874412724569508	0.6421630843752779	0.1328828828828829	0.6354854382806023
RANDOM_MATCHED_PANEL	59	0.5147079820957113	0.2094944390727207	0.6344647122865602	0.3183388868320375	0.5228405117798927
RANDOM_MATCHED_PANEL	60	0.5575671563882584	0.1803196457699427	0.6360190047144663	0.1398247562631124	0.6084864767022016
RANDOM_MATCHED_PANEL	61	0.5294676149562223	0.1898903949029868	0.6413837910263478	0.0762680488707886	0.5519163165566321
RANDOM_MATCHED_PANEL	62	0.5083817140017117	0.1982385053340963	0.6340782418968697	0.155467110946563	0.5880800632579762
RANDOM_MATCHED_PANEL	63	0.5634558755315224	0.200111000458427	0.6375409864569742	0.1470751573491299	0.6005601760553316
RANDOM_MATCHED_PANEL	64	0.5587728759428308	0.196107000655854	0.6464968937733587	0.1942181907935333	0.5855840406985052
RANDOM_MATCHED_PANEL	65	0.5581881376701575	0.1869524670735353	0.6246740610921767	0.2521596939405159	0.566559013785285
RANDOM_MATCHED_PANEL	66	0.5933321924497393	0.1952366614486921	0.6392238931921777	0.0645131432802665	0.6472224603923137
RANDOM_MATCHED_PANEL	67	0.5338794644551599	0.1866638094969041	0.6457128196654552	0.1673454276194002	0.5162955976640277
RANDOM_MATCHED_PANEL	68	0.5212994788422302	0.209751821219983	0.6387887179577902	0.1353202517586079	0.5969685710747187
RANDOM_MATCHED_PANEL	69	0.5153158471275272	0.1862025559705091	0.6296405647987366	0.1688572133777613	0.6531290786628179
RANDOM_MATCHED_PANEL	70	0.56570689288708	0.1829081114642527	0.6425542690304318	0.1279464395902752	0.5887469395143236
RANDOM_MATCHED_PANEL	71	0.5381697789345818	0.1792990889934274	0.644522463281964	0.2574972232506479	0.5493345527642021
RANDOM_MATCHED_PANEL	72	0.5171839983829676	0.1798311240712614	0.6389991331434139	0.2337714426755523	0.5943772804786265
RANDOM_MATCHED_PANEL	73	0.4950630627235194	0.1764928183566466	0.6392577931276752	0.1600024682216463	0.5901759600636389
RANDOM_MATCHED_PANEL	74	0.4762201999200492	0.1952971187862732	0.6277989735278799	0.1529371837591016	0.5443901416635705
RANDOM_MATCHED_PANEL	75	0.5643730389622281	0.1672741922272912	0.6332588022309894	0.0996853017400962	0.6237007821505807
RANDOM_MATCHED_PANEL	76	0.5062193676463924	0.1872878928190279	0.6451253403475454	0.20739232383068	0.5049587013061247
RANDOM_MATCHED_PANEL	77	0.5350917936615684	0.1921070169256026	0.6303064677475271	0.164938911514254	0.5396648470471672
RANDOM_MATCHED_PANEL	78	0.5431161926925128	0.1772696014713614	0.6349232647145218	0.216092805133901	0.5524402907580477
RANDOM_MATCHED_PANEL	79	0.4705966283956837	0.2294144193007964	0.6477094354456187	0.1923053190176478	0.4611735116750978
RANDOM_MATCHED_PANEL	80	0.543261396357871	0.1878451893059245	0.6404029543754521	0.2431815377020857	0.5781245534310784
RANDOM_MATCHED_PANEL	81	0.5372386386226607	0.1905456708724976	0.6362848459789197	0.1118721461187214	0.6332371126163461
RANDOM_MATCHED_PANEL	82	0.5286762339585647	0.1938822026651515	0.6375283039692554	0.2285573244477354	0.6079148684824753
RANDOM_MATCHED_PANEL	83	0.5349156707595007	0.1611977975032363	0.6282440553122736	0.2565099345921264	0.5134185029580726
RANDOM_MATCHED_PANEL	84	0.5614983157681976	0.1917972527229052	0.6386808100829943	0.1374799456991238	0.6030371450074785
RANDOM_MATCHED_PANEL	85	0.5260337071144088	0.197901300915877	0.6562980746662623	0.2688818955942244	0.4598397591624034
RANDOM_MATCHED_PANEL	86	0.5404753296924435	0.1946776869144967	0.6476907247153262	0.2946748117980995	0.4991664046795659
RANDOM_MATCHED_PANEL	87	0.4975171697662275	0.1984065738770685	0.6531758003754304	0.1687338022954461	0.5580611049186887
RANDOM_MATCHED_PANEL	88	0.5277887674463867	0.1855930199436982	0.6426687686205719	0.2250092558311736	0.5919193651338038
RANDOM_MATCHED_PANEL	89	0.548050390691838	0.194914007160383	0.6321801808874968	0.1596013822041219	0.5950727371459601
RANDOM_MATCHED_PANEL	90	0.5514923793543494	0.1903703902488624	0.6462085694223556	0.0359743304948784	0.6284641839816323
RANDOM_MATCHED_PANEL	91	0.534939991434119	0.1910803237119871	0.6330749007971984	0.1296433419721091	0.6259967418331475
RANDOM_MATCHED_PANEL	92	0.5084416079534433	0.1727333885591551	0.6486469511884855	0.1439898802912501	0.6390579896538913
RANDOM_MATCHED_PANEL	93	0.5150059502209017	0.1843466789801505	0.6531536595297311	0.1185671973343206	0.5901092724380043
RANDOM_MATCHED_PANEL	94	0.5424608991317272	0.1715680761056129	0.6290563901191526	0.1140935456003949	0.5940819495651014
RANDOM_MATCHED_PANEL	95	0.5105054508316645	0.1841606952977323	0.644856482809566	0.1718499321239047	0.638210104127964
RANDOM_MATCHED_PANEL	96	0.5474896733046867	0.1883665927631251	0.6459699042198846	0.189374305812662	0.6299598921565825
RANDOM_MATCHED_PANEL	97	0.5081539069666682	0.1850072485268729	0.6308931871113703	0.2492595335061088	0.5998932997989844
RANDOM_MATCHED_PANEL	98	0.5257362832174259	0.1873375072158726	0.65004055500504	0.2670615821300753	0.5782007678603751
RANDOM_MATCHED_PANEL	99	0.5067811652155328	0.1767959382480568	0.6311171226596144	0.0504134271257558	0.6414301637657548
RANDOM_MATCHED_PANEL	100	0.5259089729726787	0.2123765995600267	0.6376836390897217	0.231827718129088	0.5432945592424285
RANDOM_MATCHED_PANEL	101	0.506085904660006	0.1996025437533578	0.6548077721393724	0.2640071578427743	0.563996303600179
RANDOM_MATCHED_PANEL	102	0.5423235191859888	0.1852055855686137	0.6469900052210368	0.2674626681475996	0.5745424752541274
RANDOM_MATCHED_PANEL	103	0.5133895734114012	0.1827172072314691	0.631930291829107	0.1584906824632852	0.574952127811598
RANDOM_MATCHED_PANEL	104	0.5278801304329666	0.1862394787416124	0.6509045394785313	0.1226397630507219	0.5801442358074442
RANDOM_MATCHED_PANEL	105	0.573154391941856	0.2152978322550981	0.6560793993438441	0.2183450573861533	0.5326340659445349
RANDOM_MATCHED_PANEL	106	0.5415093825922335	0.187181187482151	0.6375342466228736	0.2880106133530791	0.5822591862204312
RANDOM_MATCHED_PANEL	107	0.5334994334484621	0.1677781420070298	0.656389914294605	0.3392879180550414	0.5577657740051635
RANDOM_MATCHED_PANEL	108	0.5272964206952147	0.1916946959202848	0.6409812356912316	0.1758607922991484	0.5294521135213923
RANDOM_MATCHED_PANEL	109	0.5299300020338428	0.1893433148438577	0.6415907215417005	0.1589226212513884	0.5572417998037478
RANDOM_MATCHED_PANEL	110	0.4953816539561414	0.1873015916301485	0.6485851630786191	0.2356226089102802	0.575418941191041
RANDOM_MATCHED_PANEL	111	0.503792362565421	0.1820978761976719	0.6404723668861685	0.217172652104159	0.5982737431764269
RANDOM_MATCHED_PANEL	112	0.4969095632939598	0.1861267201207978	0.6483873581338512	0.2253177835369616	0.4799127344784551
RANDOM_MATCHED_PANEL	113	0.5141849950860737	0.1900342590828022	0.6483146910005476	0.1865358509194126	0.5840883325235551
RANDOM_MATCHED_PANEL	114	0.5031645619332894	0.2061025615933988	0.6380900180742228	0.2991484635320252	0.4756733068488191
RANDOM_MATCHED_PANEL	115	0.5382477189563456	0.1887963255398151	0.6255989204568099	0.219147229421202	0.5292234702335019
RANDOM_MATCHED_PANEL	116	0.5391930251391515	0.1943087253184716	0.6474351346374088	0.3016475379489078	0.5358064915640153
RANDOM_MATCHED_PANEL	117	0.5315443374725328	0.1758109786307735	0.6336825905535814	0.1029556954214488	0.599759924547715
RANDOM_MATCHED_PANEL	118	0.5395818671787979	0.1773676452375641	0.6298051064260606	0.2374120696038505	0.5624910686215667
RANDOM_MATCHED_PANEL	119	0.5248488097094041	0.1957603891393749	0.6408397081246183	0.1706466740713316	0.6114302590337914
RANDOM_MATCHED_PANEL	120	0.5580320230564417	0.1785632325237932	0.6441876603988215	0.1739170677526842	0.5986452885192489
RANDOM_MATCHED_PANEL	121	0.4977117018829583	0.1874436150426438	0.6509836211370087	0.2389547081327903	0.4700715462955023
RANDOM_MATCHED_PANEL	122	0.5266248827160905	0.1899156536091072	0.6417622313214454	0.2385227693446872	0.5489439538140558
RANDOM_MATCHED_PANEL	123	0.5280969993446893	0.1986978931182688	0.6508377969040205	0.1535850919412563	0.549801366143645
RANDOM_MATCHED_PANEL	124	0.5444586992677868	0.2026283048003047	0.6228953871406091	0.1991854868567197	0.5760191298217535
RANDOM_MATCHED_PANEL	125	0.5326115788129298	0.1783696470776094	0.632906518018612	0.2321670986054548	0.530623910371831
RANDOM_MATCHED_PANEL	126	0.5538576146769945	0.1887862822345604	0.6438930116413327	0.2105701592002962	0.6089437632779825
RANDOM_MATCHED_PANEL	127	0.5010063746608854	0.2010748797405187	0.6516742930051543	0.2016845612736023	0.567492640544171
RANDOM_MATCHED_PANEL	128	0.4966038174721679	0.1742493582173161	0.6501520903863608	0.2567567567567568	0.5866510427086608
RANDOM_MATCHED_PANEL	129	0.5361678820852634	0.2181277160434574	0.6402182928863045	0.1459336048377144	0.5705793249306925
RANDOM_MATCHED_PANEL	130	0.5345449929307903	0.1792026718202785	0.6371036289349231	0.2125755892879181	0.5339487648499052
RANDOM_MATCHED_PANEL	131	0.496889136229239	0.1807277901904769	0.6478657240961607	0.2765642354683451	0.6159364371659664
RANDOM_MATCHED_PANEL	132	0.5433205450270993	0.1720622315778804	0.6417396419686265	0.2108169813649266	0.6179846999533186
RANDOM_MATCHED_PANEL	133	0.5464431762873635	0.1810257836189867	0.6431566200962576	0.1345180797235592	0.5441710251793419
RANDOM_MATCHED_PANEL	134	0.5602588316665794	0.192561935105564	0.6420239257030266	0.1352276934468715	0.55652728952909
RANDOM_MATCHED_PANEL	135	0.4996214304077347	0.1974278034305288	0.644773426061418	0.2707947673701099	0.4843236445740089
RANDOM_MATCHED_PANEL	136	0.5809704610417368	0.2163723016079948	0.6544961868328146	0.2368567197334321	0.548496194041937
RANDOM_MATCHED_PANEL	137	0.568169531314789	0.1633702135814226	0.6312196395609351	0.2789707515734914	0.6095153714977087
RANDOM_MATCHED_PANEL	138	0.5450391250542026	0.1724134628139291	0.6475162338442741	0.1935394298407997	0.5681309363895319
RANDOM_MATCHED_PANEL	139	0.5307709644580165	0.1828085468293453	0.6502832515496991	0.2256571640133284	0.5714462640639439
RANDOM_MATCHED_PANEL	140	0.5276301440739419	0.1736236427868257	0.643141148913917	0.2019622362088115	0.5831261253536826
RANDOM_MATCHED_PANEL	141	0.5466490921258539	0.1658703898762809	0.6229014564715496	0.0987597186227323	0.6252536511475034
RANDOM_MATCHED_PANEL	142	0.5590552867149454	0.203792911279	0.6510957573111065	0.1619153399975318	0.5705793249306925
RANDOM_MATCHED_PANEL	143	0.5280721171944042	0.2053915975929663	0.6595362632221616	0.3195421448846106	0.4650699743728981
RANDOM_MATCHED_PANEL	144	0.530561627608024	0.1830278152562492	0.639633039174385	0.145995310378872	0.5701220383549116
RANDOM_MATCHED_PANEL	145	0.5354570743417643	0.1816037377808953	0.6432306463224312	0.2928236455633716	0.57274190936199
RANDOM_MATCHED_PANEL	146	0.5316878935573344	0.1975044293741273	0.6435957106550033	0.1924904356411206	0.5043966198900607
RANDOM_MATCHED_PANEL	147	0.5258369586621909	0.1902684805753983	0.6351112945210247	0.1897753918301864	0.5676069621881162
RANDOM_MATCHED_PANEL	148	0.486792130648974	0.1813445953811371	0.642169162230065	0.2042761940022214	0.5504015547743576
RANDOM_MATCHED_PANEL	149	0.535959431355962	0.1642195165647913	0.6375675788883497	0.3626126126126127	0.5308049196414111
RANDOM_MATCHED_PANEL	150	0.5264535294233137	0.1723786635613903	0.6363218551544311	0.1771874614340368	0.5866319891013365
RANDOM_MATCHED_PANEL	151	0.5004441818462235	0.1939270826760207	0.6417213548875368	0.2869307663828212	0.5558508864690808
RANDOM_MATCHED_PANEL	152	0.4637628506126615	0.1724009414141695	0.6346848911512197	0.2435209181784524	0.6235578800956492
RANDOM_MATCHED_PANEL	153	0.5330271679368719	0.1911804953780302	0.6487150593755995	0.2299148463532025	0.5978640906189563
RANDOM_MATCHED_PANEL	154	0.5508702478093246	0.183713419040514	0.6412039110181668	0.1970874984573615	0.5492011775129326
RANDOM_MATCHED_PANEL	155	0.5084780654080373	0.1966565284522542	0.6374085739510205	0.1881401949895101	0.5769813369916259
RANDOM_MATCHED_PANEL	156	0.5319456911138968	0.2002939531041757	0.6631324468881866	0.121714179933358	0.6719921499137824
RANDOM_MATCHED_PANEL	157	0.583819215427228	0.1784212259598101	0.6345864265851984	0.0266567937800814	0.577257614297827
RANDOM_MATCHED_PANEL	158	0.5010384062001109	0.1827131526735255	0.6395548275162869	0.1934468715290633	0.6129831280307144
RANDOM_MATCHED_PANEL	159	0.4984845212278871	0.1898410818245491	0.6321732636460752	0.2811921510551648	0.6204807225127896
RANDOM_MATCHED_PANEL	160	0.5270994055525778	0.2154980187593372	0.6379216883278606	0.191965938541281	0.5225166004553812
RANDOM_MATCHED_PANEL	161	0.5544715684935846	0.1783817661125822	0.6381107648858968	0.1135073429593977	0.6092581477988319
RANDOM_MATCHED_PANEL	162	0.5564171889732313	0.1903088215253204	0.635035948855246	0.2394174996914723	0.5746091628797622
RANDOM_MATCHED_PANEL	163	0.4998164674822739	0.2144731986917958	0.654414745572002	0.2529310132049858	0.5407509026646469
RANDOM_MATCHED_PANEL	164	0.5343752771068395	0.1994869044220118	0.6419244282383981	0.2180365296803653	0.4614307353739746
RANDOM_MATCHED_PANEL	165	0.5517204801438361	0.2038377855001989	0.6509904348809716	0.2056028631371097	0.5381596120685548
RANDOM_MATCHED_PANEL	166	0.5032000051408871	0.1874580180182129	0.6538155440393876	0.3169813649265704	0.5554793411262587
RANDOM_MATCHED_PANEL	167	0.5127959810978231	0.1811290768702138	0.6333646813666068	0.1723127236825867	0.5470004858669867
RANDOM_MATCHED_PANEL	168	0.5529079662703901	0.1756051044093917	0.6323194031527875	0.1831728989263236	0.6105156858822297
RANDOM_MATCHED_PANEL	169	0.5507754987392789	0.173542298269366	0.6432516514347948	0.1929840799703814	0.5536406680194726
RANDOM_MATCHED_PANEL	170	0.5138425941681073	0.1791881363468541	0.6291790202947509	0.2175737381216833	0.5995217544561624
RANDOM_MATCHED_PANEL	171	0.5192935228368574	0.1779455669803409	0.6250782048002849	0.1662038751079847	0.6385244886488134
RANDOM_MATCHED_PANEL	172	0.4937729794779157	0.1917546537653755	0.6437158116744575	0.3014932740960139	0.5482961311650328
RANDOM_MATCHED_PANEL	173	0.4919989776786582	0.1610136169734363	0.6413707430824789	0.235036406269283	0.6398677679651701
RANDOM_MATCHED_PANEL	174	0.566970951579768	0.1958463431509347	0.6367697760466765	0.2864679748241392	0.5536501948231349
RANDOM_MATCHED_PANEL	175	0.5360426719362658	0.2015116981282807	0.6377742622681465	0.1771874614340368	0.5831928129793172
RANDOM_MATCHED_PANEL	176	0.5390574669950501	0.2110748118892474	0.6520872551780006	0.1943107491052696	0.510874846380291
RANDOM_MATCHED_PANEL	177	0.5462664636565195	0.1802616123472131	0.6528040854043545	0.2089349623596199	0.6310364209704002
RANDOM_MATCHED_PANEL	178	0.5715135848292635	0.1897461727024038	0.6365844198053499	0.1065654695791682	0.5484676136309506
RANDOM_MATCHED_PANEL	179	0.5644515759013654	0.1911721990885778	0.6422353607226807	0.2685425151178576	0.5398553831204093
RANDOM_MATCHED_PANEL	180	0.5124578284802676	0.1835876567715683	0.6596478694713168	0.3520301123040849	0.5578134080234739
RANDOM_MATCHED_PANEL	181	0.5456256313841024	0.1919053703570807	0.6451113668554889	0.2358077255337529	0.5059209084759972
RANDOM_MATCHED_PANEL	182	0.5045951413298726	0.1785945213701975	0.6536345635734317	0.1789769221276071	0.5911762744481598
RANDOM_MATCHED_PANEL	183	0.5271360090157774	0.1864287108077721	0.6328320410125299	0.2938109342218932	0.5802871378623757
RANDOM_MATCHED_PANEL	184	0.5055082847878497	0.1748931737718533	0.6474816022353466	0.1962544736517339	0.5957491402059695
RANDOM_MATCHED_PANEL	185	0.5486151433675774	0.195992178518742	0.6421402140133037	0.1272368258669628	0.660426610267989
RANDOM_MATCHED_PANEL	186	0.5270493130742339	0.1808739094704477	0.6452402611738234	0.207238059977786	0.5588137224079949
RANDOM_MATCHED_PANEL	187	0.5163801575095536	0.1637619859881306	0.652782167905545	0.2178822658274713	0.4745491440166909
RANDOM_MATCHED_PANEL	188	0.574605794185027	0.1944831474585847	0.6501087974342857	0.2524990744168827	0.6565110939628646
RANDOM_MATCHED_PANEL	189	0.501809502134946	0.1991120097617459	0.6458859488109574	0.1277304701962236	0.5904236569588537
RANDOM_MATCHED_PANEL	190	0.5098866449789045	0.2084778105531478	0.6352848536699227	0.2545970628162409	0.5376832718854497
RANDOM_MATCHED_PANEL	191	0.5611472501178634	0.1884213756471833	0.6354821810869646	0.2342342342342342	0.5927196166414207
RANDOM_MATCHED_PANEL	192	0.5271735112099242	0.1755679487718013	0.6347700767870165	0.2357460199925954	0.5085121990720893
RANDOM_MATCHED_PANEL	193	0.5446917814496033	0.1749033478643666	0.6239893580358112	0.2026101443909663	0.6201853915992644
RANDOM_MATCHED_PANEL	194	0.5521281298001793	0.1831593982539667	0.6333304861580397	0.2711650006170554	0.5665399601779606
RANDOM_MATCHED_PANEL	195	0.5546591484095569	0.213648367825875	0.6334931734942991	0.1803035912624954	0.5604904398525251
RANDOM_MATCHED_PANEL	196	0.5461426436933045	0.1714647889948097	0.6506706118377549	0.0830556583981241	0.5702649404098431
RANDOM_MATCHED_PANEL	197	0.5433582331306017	0.204811303784522	0.6487215245417788	0.3919227446624707	0.5398934903350576
RANDOM_MATCHED_PANEL	198	0.5099743867007647	0.180802695788192	0.6373425707262338	0.1985067259039862	0.606952661312603
RANDOM_MATCHED_PANEL	199	0.4883183748491207	0.1836085574807001	0.6386534051969066	0.3244168826360607	0.5270608858022044
RANDOM_MATCHED_PANEL	200	0.5039320598511436	0.1811632170886899	0.6329577779463548	0.1989695174626681	0.5876418302895196
RANDOM_MATCHED_PANEL	201	0.537572058468568	0.2117877994007391	0.6455434442594183	0.2128224114525485	0.5135137709946935
RANDOM_MATCHED_PANEL	202	0.5335490241820084	0.1656207384538681	0.6623932679893318	0.2747747747747748	0.547857898196576
RANDOM_MATCHED_PANEL	203	0.5712486160470968	0.1839284832593539	0.6360081956818722	0.0920338146365543	0.5903950765478674
RANDOM_MATCHED_PANEL	204	0.5608896805154304	0.2054084345563278	0.6391035306118149	0.2692829816117488	0.5121800184819991
RANDOM_MATCHED_PANEL	205	0.5631949559885042	0.1849864016138643	0.6472228835772896	0.2022090583734419	0.5645869654272295
RANDOM_MATCHED_PANEL	206	0.5029228839942396	0.2006812637065725	0.6552652568729489	0.2925151178575836	0.6046090676117255
RANDOM_MATCHED_PANEL	207	0.5176546060878593	0.1856805381421868	0.6326463489349531	0.3519684067629273	0.493002562710185
RANDOM_MATCHED_PANEL	208	0.5073088797485159	0.1721263172192331	0.6385418121792628	0.1278538812785388	0.593119742395229
RANDOM_MATCHED_PANEL	209	0.4909151134760217	0.178513185745944	0.6455779775379096	0.2603973836850549	0.4964512656358665
RANDOM_MATCHED_PANEL	210	0.4765596371190824	0.187068828409099	0.6514337549770051	0.2715043810934222	0.5605380738708355
RANDOM_MATCHED_PANEL	211	0.5888927762713321	0.2133874121068977	0.6463536275013287	0.2091509317536715	0.5225737612773538
RANDOM_MATCHED_PANEL	212	0.5560495563486809	0.1596649462835963	0.636782395520958	0.1726521041589535	0.5653300561128736
RANDOM_MATCHED_PANEL	213	0.5032440193068038	0.1912556994386799	0.6403484778351192	0.1366160681229174	0.6158030619146969
RANDOM_MATCHED_PANEL	214	0.5434834274408806	0.1924782536231054	0.6537909388343811	0.216401332839689	0.5657968694923166
RANDOM_MATCHED_PANEL	215	0.5687308323911997	0.1911687885710496	0.649159173572256	0.2679563124768604	0.4877151866777178
RANDOM_MATCHED_PANEL	216	0.5178626347156714	0.2102246934858334	0.6439287859828393	0.2479328643712205	0.564082044833138
RANDOM_MATCHED_PANEL	217	0.5216875748846564	0.1989937075311391	0.6326207477574397	0.1907318277181291	0.4958224965941676
RANDOM_MATCHED_PANEL	218	0.4729731332043164	0.1955106884983162	0.6415755539616793	0.3504257682339874	0.5634818562024255
RANDOM_MATCHED_PANEL	219	0.5268291322762304	0.1811479357230936	0.6349406253052696	0.3118289522399112	0.5487153105261653
RANDOM_MATCHED_PANEL	220	0.554837228658116	0.1875136263522107	0.6528917434079804	0.3796433419721091	0.5122371793039717
RANDOM_MATCHED_PANEL	221	0.5453846843736104	0.1632049810308413	0.6358976976415214	0.1821239047266444	0.61590785675498
RANDOM_MATCHED_PANEL	222	0.5238632207907773	0.205508562796852	0.6453249403419559	0.1011662347278785	0.6435736945897282
RANDOM_MATCHED_PANEL	223	0.5246187679677335	0.1921016849621795	0.6468333693104866	0.1299210169073182	0.5582040069736203
RANDOM_MATCHED_PANEL	224	0.5540446646457973	0.1869985806158846	0.6338618176888513	0.0305750956435887	0.683205197824078
RANDOM_MATCHED_PANEL	225	0.4921631181878041	0.1852987951212227	0.647074024217076	0.1872763174133037	0.5615764954700048
RANDOM_MATCHED_PANEL	226	0.5056867873526761	0.1800210922743394	0.6473134632664183	0.1428483277798346	0.6197090514161593
RANDOM_MATCHED_PANEL	227	0.5710158268547044	0.2017769195074688	0.6396984619550911	0.2050783660372702	0.5656825478483714
RANDOM_MATCHED_PANEL	228	0.5246274957437419	0.1862069580826284	0.64013441068743	0.2432123904726644	0.5570512637305057
RANDOM_MATCHED_PANEL	229	0.4946115826848476	0.195742512400907	0.6380947882841819	0.2519437245464643	0.5240313622376557
RANDOM_MATCHED_PANEL	230	0.5361092432993837	0.1818598252530319	0.6325150337280212	0.3490990990990991	0.544066230339059
RANDOM_MATCHED_PANEL	231	0.5429733161486764	0.1594842473277322	0.6413561867413632	0.1906392694063927	0.5660255127802072
RANDOM_MATCHED_PANEL	232	0.5316818969966178	0.2006639227253469	0.6523808287843738	0.2018696778970752	0.5870225880514828
RANDOM_MATCHED_PANEL	233	0.5541841653365766	0.1913330946533963	0.6588395879568786	0.1862581759842034	0.5638534015452475
RANDOM_MATCHED_PANEL	234	0.5722221304107984	0.1822842305707661	0.6300560248801229	0.1890349253362952	0.5363399925690931
RANDOM_MATCHED_PANEL	235	0.5301523402790943	0.1850517738845416	0.6362681536085185	0.0039183018635073	0.61590785675498
RANDOM_MATCHED_PANEL	236	0.4894223955080198	0.1771912517662506	0.6359087863540563	0.2642231272368259	0.5743900463955338
RANDOM_MATCHED_PANEL	237	0.5094102662351708	0.1885941891785609	0.6408341865739086	0.2168332716277921	0.5415416273686016
RANDOM_MATCHED_PANEL	238	0.5453327252753892	0.1910688539138656	0.6476505779523459	0.0912007898309268	0.61110634770928
RANDOM_MATCHED_PANEL	239	0.5827631497503231	0.1895964340130291	0.6314579392729001	0.2231889423670246	0.6074861623176807
RANDOM_MATCHED_PANEL	240	0.4982018511339166	0.1898630883771337	0.6385018822525118	0.1663581389608787	0.6026846532719806
RANDOM_MATCHED_PANEL	241	0.5195327119452714	0.2026144517181611	0.6386692667351946	0.2484265087004813	0.5217068221441024
RANDOM_MATCHED_PANEL	242	0.4884493332146402	0.1747574259538208	0.6402884631306678	0.2957855115389362	0.6180228071679671
RANDOM_MATCHED_PANEL	243	0.5423190581063195	0.1949359347810829	0.6402915666271338	0.1746575342465754	0.5691693579887012
RANDOM_MATCHED_PANEL	244	0.5239336809157513	0.1898220156414713	0.6317610671623122	0.1737010983586326	0.594234378423695
RANDOM_MATCHED_PANEL	245	0.5859512447629881	0.1928624233694782	0.6274138304766876	0.1678699247192398	0.6370192536702011
RANDOM_MATCHED_PANEL	246	0.5221745630107182	0.1751714646995278	0.6409482647667176	0.0731210662717512	0.642916345137043
RANDOM_MATCHED_PANEL	247	0.5143068951864636	0.1996300920640907	0.6493047985849579	0.1919350857707022	0.5260700982213457
RANDOM_MATCHED_PANEL	248	0.5234576036653483	0.1966954235261155	0.6475331628037083	0.2185610267802049	0.5653205293092115
RANDOM_MATCHED_PANEL	249	0.5421225857688435	0.1774207654370336	0.6412451849253861	0.1187831667283722	0.5904046033515296
RANDOM_MATCHED_PANEL	250	0.5279033259753169	0.196614087123474	0.6394085520291305	0.1442984079970381	0.559280535787438
RANDOM_MATCHED_PANEL	251	0.5815017881820225	0.216789234271022	0.6469307905137652	0.194403307417006	0.5301952042070365
RANDOM_MATCHED_PANEL	252	0.5410277327685226	0.1812217455636116	0.6363007601256739	0.185857089966679	0.5861937561328798
RANDOM_MATCHED_PANEL	253	0.483704488874345	0.1795982915946589	0.6404378880738971	0.2331543872639763	0.4928596606552535
RANDOM_MATCHED_PANEL	254	0.4925745238517183	0.1759002123415563	0.6373654598324655	0.1220535604097248	0.6201187039736298
RANDOM_MATCHED_PANEL	255	0.5210008107082909	0.1686674552172756	0.6373992204760505	0.3093298778230285	0.5949012546800423
RANDOM_MATCHED_PANEL	256	0.5642932193134802	0.2054356503572272	0.6476188095495938	0.0906454399605084	0.6182228700448712
RANDOM_MATCHED_PANEL	257	0.5500192019745054	0.1938666322243043	0.6347621153884935	0.1648463532025176	0.5985786008936141
RANDOM_MATCHED_PANEL	258	0.5361731116876656	0.1912595930141223	0.651116522906262	0.075589287918055	0.6151171320510256
RANDOM_MATCHED_PANEL	259	0.5161954701215969	0.1676319313133191	0.6472091737925966	0.2804208317906948	0.638676917507407
RANDOM_MATCHED_PANEL	260	0.553837477737469	0.1840717608183177	0.6337328053190513	0.3132481796865359	0.6002648451418064
RANDOM_MATCHED_PANEL	261	0.549447189535859	0.1906682849472098	0.658573998785871	0.1865975564605702	0.5427991654519991
RANDOM_MATCHED_PANEL	262	0.5427630314709897	0.1888967240800962	0.6439072667967534	0.2795569542144885	0.4783027046595596
RANDOM_MATCHED_PANEL	263	0.5485726720174976	0.1710514211793501	0.6298139765652726	0.0403554239170677	0.6171082340164051
RANDOM_MATCHED_PANEL	264	0.5314638600045548	0.1937927028480315	0.6193954143345084	0.3615944711835123	0.5651871540579421
RANDOM_MATCHED_PANEL	265	0.5787830239314491	0.2142879380958824	0.6458532673335791	0.1690731827718129	0.5079977516743357
RANDOM_MATCHED_PANEL	266	0.510727427269548	0.1667605714951291	0.6458488451269739	0.3566580278909046	0.5756285308716073
RANDOM_MATCHED_PANEL	267	0.541329783346206	0.1732685429870361	0.632130177705446	0.0275206713562877	0.6438880791105775
RANDOM_MATCHED_PANEL	268	0.5447233422907739	0.1731817174074578	0.6450719473219715	0.2428730099962977	0.6114778930521021
RANDOM_MATCHED_PANEL	269	0.5035092952575579	0.1909197082343818	0.6428061286513367	0.1842527458965815	0.5336343803290557
RANDOM_MATCHED_PANEL	270	0.5007988456208963	0.1914392262237307	0.6366412811293939	0.2654880908305566	0.582430668686349
RANDOM_MATCHED_PANEL	271	0.5248846697442564	0.173714671651803	0.636494067745311	0.1509934592126373	0.6210523307325159
RANDOM_MATCHED_PANEL	272	0.525256996850304	0.1979590019608599	0.6480168506970497	0.1708626434653831	0.5920241599740871
RANDOM_MATCHED_PANEL	273	0.4545933378383046	0.1845614413115923	0.6325534738495289	0.2801740096260645	0.5260129373993732
RANDOM_MATCHED_PANEL	274	0.5617680938443396	0.189695899718648	0.6313805166158798	0.2394483524620511	0.5132279668848305
RANDOM_MATCHED_PANEL	275	0.5295632105431154	0.1912015271210405	0.6583891058117105	0.1917499691472294	0.6464317356883592
RANDOM_MATCHED_PANEL	276	0.5337403944864871	0.1782616779257901	0.6399309068814611	0.2769344687152907	0.5982927967837511
RANDOM_MATCHED_PANEL	277	0.5186866529482055	0.1481926006115524	0.62918618071335	0.1690423300012341	0.5623481665666351
RANDOM_MATCHED_PANEL	278	0.5260568583047608	0.1771998530151358	0.6379969701151402	0.2123287671232877	0.5865176674573913
RANDOM_MATCHED_PANEL	279	0.5262615748079048	0.1968600730483126	0.6399513896986118	0.3948846106380353	0.4532186306172416
RANDOM_MATCHED_PANEL	280	0.538037729616377	0.1852818922135985	0.6419537070475092	0.2285881772183142	0.5404936789657702
RANDOM_MATCHED_PANEL	281	0.5605015097083552	0.1905128317109579	0.6324604030349893	0.2556460570159201	0.470223975154096
RANDOM_MATCHED_PANEL	282	0.5386951688685038	0.1957622667934642	0.6362455918847969	0.2612612612612613	0.5278516105061589
RANDOM_MATCHED_PANEL	283	0.5097001858276795	0.1758786189155927	0.6365184463062301	0.3477724299642108	0.4995093696114016
RANDOM_MATCHED_PANEL	284	0.5365628006300031	0.1854886406133709	0.6358923952075829	0.231364926570406	0.5512875475149333
RANDOM_MATCHED_PANEL	285	0.5463370360524539	0.1941112233985789	0.6484192033406843	0.1260644205849685	0.5524498175617097
RANDOM_MATCHED_PANEL	286	0.532829006034793	0.1809009956145691	0.6381213571718363	0.1160372701468591	0.638953194813608
RANDOM_MATCHED_PANEL	287	0.5287746724442622	0.1873324453961871	0.6470051082822773	0.2906639516228558	0.5333581030228547
RANDOM_MATCHED_PANEL	288	0.5537655922352737	0.1757485378264236	0.6325797062541821	0.3019560656546958	0.6658759419627119
RANDOM_MATCHED_PANEL	289	0.5162626860458743	0.1856269546435208	0.6451706165880656	0.1079846970257929	0.6594072422761439
RANDOM_MATCHED_PANEL	290	0.5645155958780572	0.1733408058561238	0.636509123873203	0.2382759471800568	0.5966827669648556
RANDOM_MATCHED_PANEL	291	0.569534838443829	0.2010559139687129	0.6479120774482191	0.2292052326298901	0.5117894195318528
RANDOM_MATCHED_PANEL	292	0.5396090324257085	0.1812905966631275	0.6541066903650928	0.2128532642231272	0.5812969790505587
RANDOM_MATCHED_PANEL	293	0.5666222822379049	0.1947102718586995	0.6513707182603286	0.1633962729853141	0.6167176350662589
RANDOM_MATCHED_PANEL	294	0.5332118106121376	0.2139943551086792	0.6497051080410375	0.2111563618412933	0.5737422237465108
RANDOM_MATCHED_PANEL	295	0.4951381008891801	0.1808702675664555	0.6508564753292377	0.3662532395409108	0.4997951737212647
RANDOM_MATCHED_PANEL	296	0.5620967776988537	0.1808326700745777	0.6398716669292374	0.2066827101073676	0.5994169596158793
RANDOM_MATCHED_PANEL	297	0.5057955191215853	0.1898208847242234	0.6454152849071262	0.3088670862643466	0.4906113349909971
RANDOM_MATCHED_PANEL	298	0.5386782186848886	0.1759018948328895	0.6428703454507797	0.008237689744539	0.6957901054617165
RANDOM_MATCHED_PANEL	299	0.5001747875545414	0.2135868832099366	0.6431503513928656	0.2662285573244478	0.4821515333390493
RANDOM_MATCHED_PANEL	300	0.5031811258412667	0.1832102592108597	0.6442708735760249	0.2574663704800691	0.5859460592376651
RANDOM_MATCHED_PANEL	301	0.510420791900989	0.1796393835764359	0.6415221546569089	0.3143588794273726	0.5325006906932654
RANDOM_MATCHED_PANEL	302	0.5355414207070914	0.1811797897218287	0.6291059769479267	0.1962544736517339	0.6433259976945135
RANDOM_MATCHED_PANEL	303	0.5278761798925806	0.2004741466403739	0.6420543186248702	0.23716524743922	0.5362161441214858
RANDOM_MATCHED_PANEL	304	0.525840629128	0.1926078032186174	0.644516019432173	0.3884980871282242	0.4895443329808416
RANDOM_MATCHED_PANEL	305	0.5477496976779634	0.1848825423854323	0.6385181757626456	0.2591015673207454	0.5888517343546066
RANDOM_MATCHED_PANEL	306	0.5108340475685477	0.2028535326189524	0.6524472275292577	0.1656485252375663	0.6088389684376995
RANDOM_MATCHED_PANEL	307	0.5202896278189243	0.203912777938993	0.6499418194590112	0.170739232383068	0.5851267541227243
RANDOM_MATCHED_PANEL	308	0.515927331166347	0.1843687293331554	0.6423353502060426	0.2338022954461311	0.5346537483209008
RANDOM_MATCHED_PANEL	309	0.5592455225985423	0.1795731502009006	0.6403828855508837	0.1768789337282488	0.5653300561128736
RANDOM_MATCHED_PANEL	310	0.5223890793545457	0.202513883325074	0.6218480992462743	0.1595705294335431	0.5524021835433993
RANDOM_MATCHED_PANEL	311	0.5349824977916867	0.1688366914197976	0.6247974775374986	0.1808280883623349	0.5688073394495413
RANDOM_MATCHED_PANEL	312	0.5506119037773289	0.2054269933668081	0.6306031409167816	0.1820313464149081	0.5658921375289377
RANDOM_MATCHED_PANEL	313	0.5243481339796229	0.1894648122525223	0.6439604743442536	0.2670307293594965	0.5191631655663209
RANDOM_MATCHED_PANEL	314	0.5532439765537013	0.1781002146681397	0.6406343751117134	0.0950265333826977	0.611382625015481
RANDOM_MATCHED_PANEL	315	0.5437257964761243	0.174629849380704	0.6403048652074896	0.2780143156855486	0.6708870406889784
RANDOM_MATCHED_PANEL	316	0.5853695550418601	0.1842568493240776	0.6353684620413199	0.1027397260273972	0.6587689464307829
RANDOM_MATCHED_PANEL	317	0.4811526716829401	0.1856321034779691	0.6490076807917647	0.2262125138837468	0.5485152476492612
RANDOM_MATCHED_PANEL	318	0.4965493894010274	0.1949153438232576	0.6435958910234144	0.1099284215722572	0.5914716053616851
RANDOM_MATCHED_PANEL	319	0.5081250992531325	0.1678427036475043	0.6419594494941169	0.3063371590768851	0.5490678022616631
RANDOM_MATCHED_PANEL	320	0.5121726196907852	0.1819727550341656	0.632546324653106	0.1394545230161668	0.6643516533767756
RANDOM_MATCHED_PANEL	321	0.5047884372387095	0.1941679308989417	0.6498582394662269	0.1332839689004072	0.5532786494803128
RANDOM_MATCHED_PANEL	322	0.5248144864587226	0.1914526226715998	0.6415259521386724	0.1352585462174503	0.6036944944601637
RANDOM_MATCHED_PANEL	323	0.5062722356067597	0.2045649152130922	0.641836707055617	0.2792792792792793	0.5032343498432841
RANDOM_MATCHED_PANEL	324	0.5752373119948948	0.194349854332362	0.641977830664866	0.3296310008638776	0.3829394000019053
RANDOM_MATCHED_PANEL	325	0.460184804075246	0.1868895386135738	0.6321959189337383	0.1990620757744045	0.542589575771433
RANDOM_MATCHED_PANEL	326	0.4999120394847827	0.1761167925981359	0.6321419563726637	0.228619029988893	0.6017129192984462
RANDOM_MATCHED_PANEL	327	0.5499871242608766	0.1945062548672216	0.6400654204269963	0.2542268295692954	0.5422847180542456
RANDOM_MATCHED_PANEL	328	0.5270408369676078	0.1902274069681713	0.64746514443309	0.3257126990003703	0.4902874236664856
RANDOM_MATCHED_PANEL	329	0.5424778504859616	0.1969908694778821	0.6403404591824029	0.2215845982969271	0.5236598168948335
RANDOM_MATCHED_PANEL	330	0.5297247230825499	0.1918046797980064	0.6452282424585056	0.1771257558928791	0.5356540627054217
RANDOM_MATCHED_PANEL	331	0.5359102258555443	0.1649264853352684	0.6455690125863448	0.1345180797235592	0.6229576914649365
RANDOM_MATCHED_PANEL	332	0.5386327070750286	0.1695813763381669	0.6390174752169185	0.3143588794273726	0.5433231396534149
RANDOM_MATCHED_PANEL	333	0.5294249073939414	0.1642420227937731	0.6520875124592491	0.0624460076514871	0.6541293930473386
RANDOM_MATCHED_PANEL	334	0.5898062637731911	0.2078031864888491	0.6278922649156449	0.039553251882019	0.6319033601036516
RANDOM_MATCHED_PANEL	335	0.5297516145449228	0.1767201449161731	0.6360577971106947	0.3241700604714304	0.550153857879143
RANDOM_MATCHED_PANEL	336	0.5415579385046411	0.1755698061838403	0.6353917596411061	0.2111255090707146	0.6109824992616727
RANDOM_MATCHED_PANEL	337	0.5298578507106575	0.1811591407683893	0.6487027658395346	0.1119029988893002	0.5690264559337697
RANDOM_MATCHED_PANEL	338	0.5576694986256098	0.1955615868094503	0.643754851764242	0.1925212884116994	0.565463431364143
RANDOM_MATCHED_PANEL	339	0.5232630712884396	0.1758711081882182	0.6505758401782264	0.2300074046649389	0.5292234702335019
RANDOM_MATCHED_PANEL	340	0.5127940211810393	0.213334842231176	0.6578201383791537	0.302388004442799	0.5288233444796936
RANDOM_MATCHED_PANEL	341	0.5718483093099223	0.1703145583996674	0.6387276503210604	0.0979883993582623	0.6654758162089036
RANDOM_MATCHED_PANEL	342	0.605087321308244	0.2033214826441078	0.6378549233888064	0.1385597926693817	0.5423895128945286
RANDOM_MATCHED_PANEL	343	0.5320404910451643	0.2005755018254263	0.6355325860701542	0.1571331605578181	0.5460382786971143
RANDOM_MATCHED_PANEL	344	0.5291782332406451	0.1885713412144963	0.6486292476819882	0.1893126002715044	0.5846123067249707
RANDOM_MATCHED_PANEL	345	0.556129039930428	0.1739373587924468	0.6502646866653505	0.296124892015303	0.5949203082873665
RANDOM_MATCHED_PANEL	346	0.508499995458221	0.1984469387282564	0.6597291983153266	0.2729236085400469	0.444873150609239
RANDOM_MATCHED_PANEL	347	0.5336734204355384	0.1937401246608288	0.6371399721413055	0.3198815253609774	0.5589280440519402
RANDOM_MATCHED_PANEL	348	0.5329805799583361	0.1948930231029871	0.642341516716534	0.1802418857213378	0.5096077814932312
RANDOM_MATCHED_PANEL	349	0.5364905587467926	0.1939350692653987	0.6409097598358947	0.2018388251264963	0.6004363276077244
RANDOM_MATCHED_PANEL	350	0.5164338513632948	0.1755228863115306	0.6427287620092679	0.3587251635196841	0.5818590604666227
RANDOM_MATCHED_PANEL	351	0.517647360885097	0.1762402482856326	0.6335603259247476	0.136832037516969	0.618299084474168
RANDOM_MATCHED_PANEL	352	0.5227885261873805	0.1989091228633525	0.6538661964726554	0.2136245834875972	0.6114874198557642
RANDOM_MATCHED_PANEL	353	0.5661373503335727	0.180167824448026	0.6425815975061181	0.2522831050228311	0.565920717939924
RANDOM_MATCHED_PANEL	354	0.5058841649836483	0.1817994061666953	0.6378765224554747	0.1675922497840306	0.6641420636962093
RANDOM_MATCHED_PANEL	355	0.548766836948589	0.1841026837435186	0.6303118465401365	0.188757250401086	0.5546409824039935
RANDOM_MATCHED_PANEL	356	0.5470692197721896	0.2029658797970822	0.6396609281519365	0.2449092928544984	0.5279849857574285
RANDOM_MATCHED_PANEL	357	0.5438643401832668	0.1738738870690581	0.6426178697074773	0.271380970011107	0.5426181561824193
RANDOM_MATCHED_PANEL	358	0.5486272278429746	0.2003206290525905	0.6472022786501958	0.1752745896581513	0.594320119656654
RANDOM_MATCHED_PANEL	359	0.4993571431307723	0.1905531930505587	0.6409348749422928	0.2496606195236332	0.6214238760753379
RANDOM_MATCHED_PANEL	360	0.5034247494799813	0.1970742071790937	0.6469057176719775	0.1357521905467111	0.6127354311354997
RANDOM_MATCHED_PANEL	361	0.4881165402023568	0.159688893603481	0.6389073650613102	0.0303591262495372	0.6664666037897624
RANDOM_MATCHED_PANEL	362	0.523138178469668	0.2075194264952841	0.6588094611566132	0.1515488090830556	0.6581973382110566
RANDOM_MATCHED_PANEL	363	0.5299496000766583	0.1700307341907653	0.6340806826542819	0.094687152906331	0.6521192374746348
RANDOM_MATCHED_PANEL	364	0.5067987447217336	0.1940122571509672	0.6384832174403055	0.2692829816117488	0.5024150447283432
RANDOM_MATCHED_PANEL	365	0.4924277928722987	0.1816270961676656	0.6441586660693059	0.222818709120079	0.6471652995703412
RANDOM_MATCHED_PANEL	366	0.5501498400108789	0.198128669561356	0.6349610660442325	0.2209366901147723	0.5637390799013022
RANDOM_MATCHED_PANEL	367	0.5586654496368217	0.1855815196068064	0.6317221054316391	0.2140565222757003	0.5750569226518811
RANDOM_MATCHED_PANEL	368	0.5205506422961451	0.2000183566027344	0.6329069506827412	0.2301616685178329	0.5606238151037946
RANDOM_MATCHED_PANEL	369	0.544329400084047	0.1951675976509014	0.6458790782844483	0.1957608293224731	0.506730686787276
RANDOM_MATCHED_PANEL	370	0.5185495904496304	0.1991914419767023	0.6500389260693308	0.259780328273479	0.4864862290053064
RANDOM_MATCHED_PANEL	371	0.4917787306655472	0.1824183377085307	0.6621362342823083	0.1488646180427002	0.6349424104718626
RANDOM_MATCHED_PANEL	372	0.5434712753751844	0.1820242211359999	0.6453568449896595	0.1974885844748859	0.5327007535701697
RANDOM_MATCHED_PANEL	373	0.5324162772273215	0.2029304451614301	0.6603778913315012	0.3021103295075898	0.5371211904693856
RANDOM_MATCHED_PANEL	374	0.5372804682690548	0.1954039542687493	0.6341553554811545	0.3515981735159818	0.4753303419169835
RANDOM_MATCHED_PANEL	375	0.5457157886862705	0.2030843634719994	0.6483026048498391	0.2563248179686536	0.5419322263187478
RANDOM_MATCHED_PANEL	376	0.5155744750541433	0.2069791450780723	0.6566149989709282	0.1620078983092682	0.6466508521725874
RANDOM_MATCHED_PANEL	377	0.5420579930108995	0.2061113657124489	0.637243603551308	0.259780328273479	0.5643773757466631
RANDOM_MATCHED_PANEL	378	0.4796579387923815	0.1798944301282468	0.6478649036469288	0.251079846970258	0.5648918231444169
RANDOM_MATCHED_PANEL	379	0.5227620947632994	0.2065944722491056	0.6526135623817021	0.185702826113785	0.5302237846180228
RANDOM_MATCHED_PANEL	380	0.5260575530748273	0.1859127578399575	0.6341890824010498	0.229236085400469	0.5541646422208885
RANDOM_MATCHED_PANEL	381	0.5435374570827187	0.187336419911366	0.6303818148833615	0.1904541527829199	0.5136566730496251
RANDOM_MATCHED_PANEL	382	0.5221813478423241	0.1863666016581937	0.6469292890902295	0.1189991361224238	0.6325226023416883
RANDOM_MATCHED_PANEL	383	0.5227148438395893	0.1873900370957025	0.6414733128914724	0.2931630260397384	0.5114274009926929
RANDOM_MATCHED_PANEL	384	0.5307751335433545	0.2075941067290804	0.644742253082122	0.1924595828705418	0.6083149942362838
RANDOM_MATCHED_PANEL	385	0.5537069801107231	0.1897747471282467	0.6510236629163669	0.1531840059237319	0.5609763068392923
RANDOM_MATCHED_PANEL	386	0.533528873651872	0.1900115135845302	0.6421844762034028	0.191503146982599	0.6084102622729048
RANDOM_MATCHED_PANEL	387	0.5866089934377331	0.186344905842525	0.6304448710618515	0.1605578180920646	0.5436661045852506
RANDOM_MATCHED_PANEL	388	0.5822330160806415	0.2059529552051517	0.6435214437644768	0.1690731827718129	0.5935008145417131
RANDOM_MATCHED_PANEL	389	0.4756543511425514	0.1885365327082536	0.647293636583312	0.1868135258546217	0.5417226366381815
RANDOM_MATCHED_PANEL	390	0.5377623386664003	0.2036750940206957	0.6294565674337397	0.1778970751573491	0.5899568435794107
RANDOM_MATCHED_PANEL	391	0.5195704484351593	0.185213371190792	0.6398382248436674	0.2502468221646304	0.5488201053664484
RANDOM_MATCHED_PANEL	392	0.5750861524413452	0.1824582425485082	0.6339193696067131	0.1940330741700605	0.5823068202387417
RANDOM_MATCHED_PANEL	393	0.518370525922585	0.2078632938625284	0.6477763762650227	0.1029865481920276	0.5566035039583869
RANDOM_MATCHED_PANEL	394	0.5324671252377764	0.1958261119898119	0.6420036481166184	0.1450388744909293	0.5771051854392333
RANDOM_MATCHED_PANEL	395	0.5088465151262195	0.2040374356900905	0.6389316763468419	0.1969640873750462	0.5546028751893451
RANDOM_MATCHED_PANEL	396	0.5556995959523384	0.1827050558087195	0.6453059202813836	0.0877761322966802	0.5194203892651976
RANDOM_MATCHED_PANEL	397	0.5188451044005817	0.2161934945444112	0.6483909342098989	0.1131371097124522	0.6181371288119123
RANDOM_MATCHED_PANEL	398	0.5531202908484614	0.1702971376084211	0.6343609404243178	0.1227631741330371	0.5395219449922357
RANDOM_MATCHED_PANEL	399	0.5719856977369904	0.1957282567642459	0.6454989276045919	0.1426632111563618	0.5655872798117504
RANDOM_MATCHED_PANEL	400	0.5052474748731829	0.1924125169853586	0.6409663173996634	0.1534925336295199	0.6341326321605837
RANDOM_MATCHED_PANEL	401	0.5064518325026307	0.1830724924624783	0.6244353111489327	0.2864062692829816	0.5393504625263177
RANDOM_MATCHED_PANEL	402	0.5142061317469746	0.1739002392873086	0.6562044025681396	0.1204183635690485	0.6474796840911906
RANDOM_MATCHED_PANEL	403	0.5006555380221458	0.1819707545942726	0.6477642885407283	0.231673454276194	0.6308744653081444
RANDOM_MATCHED_PANEL	404	0.537289305229864	0.1836411427525085	0.6461568033807519	0.2410218437615698	0.5290043537492736
RANDOM_MATCHED_PANEL	405	0.5972486777737717	0.1864987067759071	0.6316033463200671	0.1410588670862644	0.6013032667409757
RANDOM_MATCHED_PANEL	406	0.5559466838059047	0.2033510954363233	0.6495879153689315	0.238399358262372	0.4976516428972915
RANDOM_MATCHED_PANEL	407	0.5344312060831922	0.1793299298620219	0.6525181439319591	0.2342959397753918	0.4940314575056922
RANDOM_MATCHED_PANEL	408	0.5495598096235856	0.180462762883328	0.6329089198028868	0.0211032950758978	0.5838311088246783
RANDOM_MATCHED_PANEL	409	0.5469681918622851	0.1872952301884336	0.6478293739056362	0.0937924225595458	0.5515352444101479
RANDOM_MATCHED_PANEL	410	0.5176317755979449	0.1957030388397408	0.6379231196462289	0.1811674688387017	0.583535777911153
RANDOM_MATCHED_PANEL	411	0.5317848960041722	0.1889714913680706	0.6412038888742314	0.1438047636677774	0.6390294092429049
RANDOM_MATCHED_PANEL	412	0.5420220791465776	0.1965255478511511	0.6359518169263462	0.1298284585955819	0.565844503510627
RANDOM_MATCHED_PANEL	413	0.5374255834201161	0.1779823631972742	0.6396707692921954	0.3047328150067876	0.5220307334686138
RANDOM_MATCHED_PANEL	414	0.5470272075365883	0.2019441298548545	0.6527332076848893	0.1317413303714673	0.6577305248316136
RANDOM_MATCHED_PANEL	415	0.5203453972898155	0.1931238993147788	0.6395124456841387	0.287578674564976	0.5491535434946222
RANDOM_MATCHED_PANEL	416	0.5440667773996856	0.164441703030319	0.6514980469046809	0.1196470443045785	0.5547457772442768
RANDOM_MATCHED_PANEL	417	0.5069501124193122	0.1987339725004287	0.6544525091947028	0.1957299765518944	0.6083626282545942
RANDOM_MATCHED_PANEL	418	0.5237713357632022	0.1882310200140206	0.64697539055654	0.1717265210415895	0.6164985185820305
RANDOM_MATCHED_PANEL	419	0.5319450259428653	0.1895080868284994	0.6424025549059651	0.2175737381216833	0.6001981575161717
RANDOM_MATCHED_PANEL	420	0.5470089174228007	0.1945325409201111	0.6549125607856624	0.2375663334567444	0.5090075928625186
RANDOM_MATCHED_PANEL	421	0.5899001926055396	0.1938771976617544	0.6481534853584485	0.1537702085647291	0.5612716377528175
RANDOM_MATCHED_PANEL	422	0.5512192769803055	0.1878230136837413	0.6581868864291136	0.2516969023818339	0.5996074956891213
RANDOM_MATCHED_PANEL	423	0.5183055452302975	0.1805042441802677	0.6390735217201138	0.2303776379118845	0.5542789638648337
RANDOM_MATCHED_PANEL	424	0.5162083806505202	0.1740397032145021	0.6457829560192577	0.2754535357275084	0.629550239599112
RANDOM_MATCHED_PANEL	425	0.5616893833282097	0.1912251617335655	0.6333525159268903	0.0865420214735283	0.6008840873798431
RANDOM_MATCHED_PANEL	426	0.5374585414926936	0.2056247029711397	0.646078857613436	0.2172035048747377	0.4673754608591271
RANDOM_MATCHED_PANEL	427	0.5275049812528152	0.1879597454629922	0.6365930860288596	0.2260582500308528	0.5144950317718902
RANDOM_MATCHED_PANEL	428	0.5028609017022092	0.193399751947993	0.6354656364767561	0.2906948043934346	0.514285442091324
RANDOM_MATCHED_PANEL	429	0.5223580976014696	0.1893889685537158	0.6442671881762391	0.2188078489448352	0.4971371954995379
RANDOM_MATCHED_PANEL	430	0.4573908428002982	0.2077012851003769	0.637488117439187	0.1653399975317784	0.5665875941962711
RANDOM_MATCHED_PANEL	431	0.5270660000230318	0.1933933820534928	0.626865703653858	0.2079168209305196	0.6086293787571331
RANDOM_MATCHED_PANEL	432	0.5737127173111928	0.1731283751799979	0.6442372105237012	0.2400962606442059	0.5915954538092923
RANDOM_MATCHED_PANEL	433	0.5429539724018753	0.1892961316510325	0.6342969814848726	0.2660742934715538	0.4889441443501291
RANDOM_MATCHED_PANEL	434	0.5255177756573381	0.2040912048911854	0.6576372204287063	0.1625323954091077	0.6379243000181009
RANDOM_MATCHED_PANEL	435	0.5523349808596105	0.1952739611966674	0.6383950088727262	0.2483648031593237	0.5234216468032811
RANDOM_MATCHED_PANEL	436	0.5122703688011329	0.2065614669368376	0.6377887494358095	0.1988461063803529	0.5533929711242581
RANDOM_MATCHED_PANEL	437	0.5082505001266421	0.1951877583298871	0.6607698309635358	0.2332777983462915	0.5899377899720865
RANDOM_MATCHED_PANEL	438	0.5547767985596869	0.1984104291779627	0.6353291185392156	0.0812661977045538	0.560661922318443
RANDOM_MATCHED_PANEL	439	0.5608094310520405	0.1704873767137774	0.6278290970997116	0.1109157102307787	0.5748568597749768
RANDOM_MATCHED_PANEL	440	0.5472511384672845	0.1744910121645079	0.6430173955533479	0.2668456127360237	0.58270694599255
RANDOM_MATCHED_PANEL	441	0.5549475777304193	0.1903775979134419	0.6456898602964435	0.2259348389485376	0.5135328246020177
RANDOM_MATCHED_PANEL	442	0.5660887752751255	0.1918185793790136	0.6399928817752233	0.2628964581019375	0.5481627559137634
RANDOM_MATCHED_PANEL	443	0.4959607088510723	0.1916856124267403	0.6424156217937962	0.1354745156115019	0.5143426029132965
RANDOM_MATCHED_PANEL	444	0.5110908564198907	0.1971795860329646	0.6448545787828711	0.2192089349623596	0.5830022769060752
RANDOM_MATCHED_PANEL	445	0.5298309463112918	0.1632941400946796	0.6341014233664239	0.1391459953103789	0.5747615917383558
RANDOM_MATCHED_PANEL	446	0.5658480284368799	0.1891957657243152	0.6439039246796641	0.2627730470196224	0.5885564034410815
RANDOM_MATCHED_PANEL	447	0.5779477044866448	0.1841751230760894	0.6148047886864514	0.176385289398988	0.5674450065258604
RANDOM_MATCHED_PANEL	448	0.578931580025395	0.194847230706134	0.6429440432964365	0.2111872146118721	0.5301761505997122
RANDOM_MATCHED_PANEL	449	0.5439742523039832	0.1906330270040254	0.6497881888089264	0.1394545230161668	0.5398934903350576
RANDOM_MATCHED_PANEL	450	0.553299121987353	0.1948015409688948	0.6446768720543125	0.1247068986795014	0.5918717311154934
RANDOM_MATCHED_PANEL	451	0.5009737375116234	0.1896000545030092	0.6458734615619283	0.256263112427496	0.5505730372402755
RANDOM_MATCHED_PANEL	452	0.4908791391965257	0.1754053410348177	0.6285707804987766	0.0612118968283351	0.6221002791353474
RANDOM_MATCHED_PANEL	453	0.5204471955788887	0.1841213795172171	0.6479916911167221	0.3577378748611626	0.5565558699400764
RANDOM_MATCHED_PANEL	454	0.5307929848007411	0.172916253606289	0.639349871176007	0.3406762927310873	0.5472291291548772
RANDOM_MATCHED_PANEL	455	0.4930976990257852	0.1903981019282339	0.6435715430433311	0.2199802542268296	0.581516095534787
RANDOM_MATCHED_PANEL	456	0.5093283990445366	0.1901976872840095	0.63931973113112	0.0981735159817351	0.6452504120342584
RANDOM_MATCHED_PANEL	457	0.5246564040082821	0.1686699396859663	0.635561975880502	0.3337652721214366	0.635723608372155
RANDOM_MATCHED_PANEL	458	0.5336186569425415	0.1784561434313402	0.6275562012096869	0.2994569912378132	0.5266702868520582
RANDOM_MATCHED_PANEL	459	0.529037020180186	0.2092784253426058	0.651875437571531	0.2808219178082192	0.5749235474006117
RANDOM_MATCHED_PANEL	460	0.4803886938328761	0.2153424227727254	0.6384829692616467	0.1735776872763174	0.4925166957234178
RANDOM_MATCHED_PANEL	461	0.5387508586889145	0.201136467485673	0.6406264517330968	0.1879550783660372	0.5757333257118904
RANDOM_MATCHED_PANEL	462	0.5320930849884228	0.1944616975615314	0.6477091532327951	0.2076082932247316	0.5945392361408823
RANDOM_MATCHED_PANEL	463	0.5454278543130379	0.2078062497918204	0.6412969369871335	0.3273170430704678	0.4653938856974096
RANDOM_MATCHED_PANEL	464	0.5545136695268105	0.1824987403844104	0.6401675130651785	0.1795014192274466	0.6275686644373946
RANDOM_MATCHED_PANEL	465	0.5461420194041046	0.19819145108253	0.6199273764200274	0.0290941626558064	0.5925290805681785
RANDOM_MATCHED_PANEL	466	0.5620718873727785	0.1738479697140411	0.6419202084933657	0.1006725903986178	0.6379052464107766
RANDOM_MATCHED_PANEL	467	0.5163314915197165	0.1963987099478771	0.6527314933517359	0.2600580032086882	0.5331389865386265
RANDOM_MATCHED_PANEL	468	0.5223781633989586	0.2089168948850839	0.6487334955318012	0.1301986918425274	0.5977783493859975
RANDOM_MATCHED_PANEL	469	0.5326395511143324	0.18982159305655	0.6435365277755524	0.1422929779094162	0.6528813817676031
RANDOM_MATCHED_PANEL	470	0.5847271524902614	0.2114392222481319	0.6394239728705259	0.1388991731457484	0.5447616870063925
RANDOM_MATCHED_PANEL	471	0.51131866672945	0.1846274009695802	0.6580577946801489	0.167993335801555	0.5925290805681785
RANDOM_MATCHED_PANEL	472	0.528400413566248	0.1832028744688104	0.6488737818949504	0.1674996914722942	0.610639534329837
RANDOM_MATCHED_PANEL	473	0.5395020650421637	0.187169540508614	0.621713094318716	0.2014994446501296	0.5578038812198118
RANDOM_MATCHED_PANEL	474	0.5823671758262622	0.1980844296934417	0.643493003704582	0.2885968159940763	0.5058732744576867
RANDOM_MATCHED_PANEL	475	0.5362594080748082	0.1880439953388343	0.6327555682357661	0.2533012464519314	0.5529452113521391
RANDOM_MATCHED_PANEL	476	0.5277477884595101	0.1855200869558936	0.6381592413621009	0.3470319634703196	0.5879371612030447
RANDOM_MATCHED_PANEL	477	0.5060180913117036	0.1893517698978642	0.6549634949997118	0.3407688510428237	0.5375117894195318
RANDOM_MATCHED_PANEL	478	0.5394734688350505	0.1881280352751609	0.6468147450878182	0.1796865358509194	0.5834595634818561
RANDOM_MATCHED_PANEL	479	0.5252643377773419	0.1953292311915575	0.6473749791428315	0.271226706158213	0.5460192250897902
RANDOM_MATCHED_PANEL	480	0.4985938904600562	0.159601758586242	0.6290066471974776	0.2906948043934346	0.5364066801947278
RANDOM_MATCHED_PANEL	481	0.4838316356729925	0.1961936101014158	0.6392768854346101	0.3088979390349253	0.5235550220545504
RANDOM_MATCHED_PANEL	482	0.4860069400145087	0.1878492696090302	0.644820122249328	0.2522522522522523	0.5988929854144635
RANDOM_MATCHED_PANEL	483	0.5564291030557691	0.1618758404832253	0.6347537574575569	0.0236332222633592	0.6507950117656025
RANDOM_MATCHED_PANEL	484	0.5256039420408654	0.1894021408356314	0.6372798828849378	0.2334937677403431	0.436384768546305
RANDOM_MATCHED_PANEL	485	0.5628083833985696	0.1778388605326434	0.6456452324426603	0.131185980501049	0.5905856126211094
RANDOM_MATCHED_PANEL	486	0.4974773141546489	0.2077351244471031	0.6430656136949675	0.2804208317906948	0.491706917412139
RANDOM_MATCHED_PANEL	487	0.5753358771909551	0.1957107855150915	0.6473079361473612	0.2234974700728126	0.5586422399420771
RANDOM_MATCHED_PANEL	488	0.5064069852111588	0.1980909742832504	0.6415985661891417	0.1556522275700358	0.6049520325435613
RANDOM_MATCHED_PANEL	489	0.5775304223190687	0.1763414170449324	0.6525212451980775	0.1791928915216586	0.6624367658406929
RANDOM_MATCHED_PANEL	490	0.503731743326793	0.1874860801119253	0.6333355482245996	0.2426570406022461	0.5572894338220584
RANDOM_MATCHED_PANEL	491	0.547940044841926	0.177605349102847	0.6572326168727696	0.0967234357645316	0.7366315127611536
RANDOM_MATCHED_PANEL	492	0.5509743812358895	0.2017993952009431	0.6481993493980364	0.1525052449709984	0.6446502234035458
RANDOM_MATCHED_PANEL	493	0.5593871381200781	0.1550627109036983	0.623706334523056	0.1677465136369246	0.5064734630883991
RANDOM_MATCHED_PANEL	494	0.5239748531833738	0.1951224194483044	0.6384119272882857	0.2021473528322843	0.5431040231691864
RANDOM_MATCHED_PANEL	495	0.4933666139335476	0.1882421169929228	0.6458600696981743	0.34727878563495	0.5317480732039593
RANDOM_MATCHED_PANEL	496	0.5270206184961791	0.1887969057204925	0.6456661972039154	0.2610144390966309	0.5286613888174378
RANDOM_MATCHED_PANEL	497	0.545351524465124	0.2117058603658747	0.6529007510857987	0.4016413673947921	0.5004906303885983
RANDOM_MATCHED_PANEL	498	0.5536669424408565	0.208186457074486	0.6495283454747443	0.1654634086140935	0.5779911781798088
RANDOM_MATCHED_PANEL	499	0.5035388476001551	0.2107019352197988	0.6357794564270814	0.3196038504257683	0.4690807587146436
RANDOM_MATCHED_PANEL	500	0.5370425491776041	0.191719765507583	0.6543733608188373	0.1873071701838825	0.6019034553716882
RANDOM_MATCHED_PANEL	501	0.5070669723026174	0.210143684570481	0.6432681226982806	0.2815932370726892	0.5238408261644135
RANDOM_MATCHED_PANEL	502	0.5274906102532804	0.1977567217936565	0.6468630093632086	0.1948352462051092	0.501014604590014
RANDOM_MATCHED_PANEL	503	0.5599374237158032	0.204069303485788	0.6385429167873821	0.2336788843638159	0.4956795945392361
RANDOM_MATCHED_PANEL	504	0.5247197295797358	0.1704839851068426	0.6382142634572735	0.1295199308897939	0.5604332790305524
RANDOM_MATCHED_PANEL	505	0.51317163729633	0.1776339568723937	0.6341228304789389	0.136832037516969	0.5330437185020053
RANDOM_MATCHED_PANEL	506	0.5267639186418366	0.1927942142705589	0.640328593110594	0.1909169443416019	0.6100774529137728
RANDOM_MATCHED_PANEL	507	0.4949718516063677	0.1814398133828282	0.6458807401823113	0.1541095890410959	0.6667047738813151
RANDOM_MATCHED_PANEL	508	0.5249793265505099	0.1994151151177131	0.6389414987460894	0.2283413550536838	0.5810683357626683
RANDOM_MATCHED_PANEL	509	0.5817693242192591	0.2199103518456699	0.6507853933732738	0.2491052696532149	0.5360637152628921
RANDOM_MATCHED_PANEL	510	0.5589413489703666	0.1907948829800524	0.6434679033570262	0.1621621621621622	0.6372193165471052
RANDOM_MATCHED_PANEL	511	0.5429309449283317	0.1979532214950773	0.6356288854008909	0.2192706405035172	0.5624720150142426
RANDOM_MATCHED_PANEL	512	0.5050107358649334	0.1968394432233071	0.6481068036303169	0.1933543132173269	0.5218116169843855
RANDOM_MATCHED_PANEL	513	0.529996057999666	0.1817972706586646	0.6405534288021362	0.217018388251265	0.617003439176122
RANDOM_MATCHED_PANEL	514	0.5214413602431139	0.1840123785741626	0.6534492841096204	0.2297914352708873	0.5752188783141368
RANDOM_MATCHED_PANEL	515	0.5163955473461039	0.1973114113799812	0.651702717279384	0.1799333580155498	0.5361685101031752
RANDOM_MATCHED_PANEL	516	0.5480533109848189	0.190788838526069	0.6264716737724488	0.3544057756386524	0.4737393657054121
RANDOM_MATCHED_PANEL	517	0.5435294530780501	0.1906529946938224	0.6400250441413726	0.2071455016660496	0.5889088951765793
RANDOM_MATCHED_PANEL	518	0.4885434571715464	0.1963948235176806	0.6443665618147786	0.1349808712822411	0.6385340154524755
RANDOM_MATCHED_PANEL	519	0.5115868873275593	0.1956848879636732	0.6540650769393129	0.1815685548562261	0.5760381834290776
RANDOM_MATCHED_PANEL	520	0.5378894881521812	0.1809661674915916	0.6462151301367098	0.3403986177958781	0.5575085503062868
RANDOM_MATCHED_PANEL	521	0.5557036045872741	0.1817191578538058	0.6468335934607082	0.2436134764901888	0.6346566063619995
RANDOM_MATCHED_PANEL	522	0.5290413445360885	0.185704569340856	0.652425328175043	0.158675799086758	0.5995979688854591
RANDOM_MATCHED_PANEL	523	0.4973626236991277	0.1755696910561479	0.6480554852157692	0.1579970381340244	0.5655491725971019
RANDOM_MATCHED_PANEL	524	0.5216587574514197	0.1719106974112006	0.6366383189915527	0.1115327656423547	0.592748197052407
RANDOM_MATCHED_PANEL	525	0.4946730994014492	0.1934184882851462	0.6336198160345321	0.2594409477971122	0.528585174388141
RANDOM_MATCHED_PANEL	526	0.5018532796904552	0.2111307395549927	0.6394383200843535	0.298407997038134	0.4993855211637943
RANDOM_MATCHED_PANEL	527	0.5870999333967146	0.2122462987752181	0.6407674802874308	0.1121189682833518	0.6327988796478894
RANDOM_MATCHED_PANEL	528	0.557711328754459	0.213408843322236	0.6323417185743058	0.1567012217697149	0.599112101898692
RANDOM_MATCHED_PANEL	529	0.500933571685704	0.1934367580081756	0.6390814734269061	0.353541898062446	0.5381119780502444
RANDOM_MATCHED_PANEL	530	0.5017610606936307	0.2048173899975665	0.6500271602599824	0.2158459829692706	0.5428086922556612
RANDOM_MATCHED_PANEL	531	0.5490476482449097	0.1749766077333927	0.6227475821949775	0.1568554856226089	0.6138310135566416
RANDOM_MATCHED_PANEL	532	0.5051204978433204	0.1630027642923936	0.6398179394503315	0.0760829322473158	0.6287880953061438
RANDOM_MATCHED_PANEL	533	0.5041075028498168	0.1698638745677764	0.6486671517450701	0.2255029001604344	0.5995598616708108
RANDOM_MATCHED_PANEL	534	0.5933640312992815	0.1961708258964416	0.6531054075851618	0.2324139207700852	0.5855078262692084
RANDOM_MATCHED_PANEL	535	0.5423063739022718	0.1841278450364618	0.6533398504987357	0.2669381710477601	0.5312907866281783
RANDOM_MATCHED_PANEL	536	0.5202986160602376	0.180700860922711	0.6466364197300382	0.1866284092311489	0.5624910686215667
RANDOM_MATCHED_PANEL	537	0.5247220775740036	0.1626909272459232	0.622723082251764	0.1482784154017031	0.6074671087103566
RANDOM_MATCHED_PANEL	538	0.5544373839486705	0.2164184416289266	0.6533184398351145	0.1602492903862767	0.5581468461516476
RANDOM_MATCHED_PANEL	539	0.5149375926234533	0.1855769582178459	0.6456653267094968	0.2342342342342342	0.5674450065258604
RANDOM_MATCHED_PANEL	540	0.5157661548748346	0.1736400601723328	0.6404346751775422	0.3385165987905714	0.4447397753579696
RANDOM_MATCHED_PANEL	541	0.5437338019770691	0.2121334122476749	0.6538189292025484	0.2699000370233247	0.5371307172730476
RANDOM_MATCHED_PANEL	542	0.530551588665623	0.1850242722944668	0.6397924858521983	0.16401332839689	0.5574228090733276
RANDOM_MATCHED_PANEL	543	0.5290151172490658	0.2059555995888455	0.651256917946752	0.3022028878193262	0.4736155172578048
RANDOM_MATCHED_PANEL	544	0.531555107138433	0.1974721693776118	0.6372099934960687	0.2055103048253733	0.568502481732354
RANDOM_MATCHED_PANEL	545	0.5296547992735681	0.181165267462029	0.6416438273260203	0.09163272861903	0.5881086436689625
RANDOM_MATCHED_PANEL	546	0.5389280006417962	0.1991456372625243	0.6462425427104083	0.136986301369863	0.577086131831909
RANDOM_MATCHED_PANEL	547	0.4992756003580262	0.1766503773369199	0.6295034767167399	0.295199308897939	0.5849552716568064
RANDOM_MATCHED_PANEL	548	0.5326422688109447	0.2018462689831056	0.6472231892269111	0.2201036653091448	0.5089790124515324
RANDOM_MATCHED_PANEL	549	0.4985494378278175	0.1955713465748597	0.6316683994532747	0.2950758978156239	0.5588994636409539
RANDOM_MATCHED_PANEL	550	0.5440086784759205	0.1835365690625265	0.6585448145592437	0.2203504874737752	0.5747139577200453
RANDOM_MATCHED_PANEL	551	0.562634570343638	0.2097013083217541	0.6298637439240918	0.2287424410712082	0.5226404489029887
RANDOM_MATCHED_PANEL	552	0.5062309516386422	0.1686869993911255	0.6463173591956178	0.2595026533382698	0.5836596263587605
RANDOM_MATCHED_PANEL	553	0.5141730122669511	0.168183042934795	0.6410681589573056	0.2087806985067259	0.6364666990577991
RANDOM_MATCHED_PANEL	554	0.5331893662099451	0.1762687052847324	0.6450644583597569	0.0910465259780328	0.623005325483247
RANDOM_MATCHED_PANEL	555	0.5586226537339045	0.2205528313341639	0.6514531356341863	0.2088732568184623	0.5306620175864796
RANDOM_MATCHED_PANEL	556	0.5565136456258288	0.213047238344374	0.6465652970775578	0.1544489695174626	0.6414682709804034
RANDOM_MATCHED_PANEL	557	0.5923364719385537	0.1962878449883115	0.6317029447370082	0.088115512773047	0.6551868682538322
RANDOM_MATCHED_PANEL	558	0.5315123472625584	0.1975953760938626	0.6476447194010145	0.2033197581142787	0.6244343460325626
RANDOM_MATCHED_PANEL	559	0.5368157363419992	0.2037221530914615	0.655207546846788	0.2776132296680242	0.5088265835929388
RANDOM_MATCHED_PANEL	560	0.5380743382930333	0.1908353334537235	0.642420875889029	0.0417746513636924	0.66310364209704
RANDOM_MATCHED_PANEL	561	0.4811477035248667	0.1912892973321184	0.6446546990657909	0.0932062199185486	0.5679308735126277
RANDOM_MATCHED_PANEL	562	0.5100688074570945	0.1787907942942445	0.6301192350377727	0.1778970751573491	0.596073051530481
RANDOM_MATCHED_PANEL	563	0.5459896581188992	0.2200461173723272	0.6491828504518478	0.2546587683573985	0.5026341612125715
RANDOM_MATCHED_PANEL	564	0.5296238338437069	0.1998712955621621	0.6449570067985495	0.2112797729236085	0.5239360942010346
RANDOM_MATCHED_PANEL	565	0.4970484275780167	0.2057072618607341	0.6535768496177683	0.2314574848821424	0.5440376499280727
RANDOM_MATCHED_PANEL	566	0.4972670338808705	0.1811810266362414	0.6491349075977019	0.167376280389979	0.5656825478483714
RANDOM_MATCHED_PANEL	567	0.5241851224148264	0.1731693620686904	0.644215551436087	0.1406886338393188	0.6682385892709136
RANDOM_MATCHED_PANEL	568	0.5248989786946028	0.1911272807563131	0.638413952320723	0.2778909046032334	0.5729514990425562
RANDOM_MATCHED_PANEL	569	0.5582650515130818	0.1885121660596049	0.634438550741891	0.2374429223744292	0.5319671896881877
RANDOM_MATCHED_PANEL	570	0.5226051009779972	0.173060511926398	0.6359554066076151	0.1023694927804516	0.6396200710699553
RANDOM_MATCHED_PANEL	571	0.5646287018786211	0.1996284980419251	0.6390513705676875	0.1482475626311243	0.6021035182485924
RANDOM_MATCHED_PANEL	572	0.5278647963407207	0.186522128660043	0.6406929934467682	0.2564790818215476	0.4719006925986261
RANDOM_MATCHED_PANEL	573	0.5995703902787557	0.1687771861790648	0.6300621872871938	0.2187152906330988	0.5693884744729296
RANDOM_MATCHED_PANEL	574	0.51826651492934	0.1770854718979454	0.6422069105175838	0.2023016166851783	0.5456000457286575
RANDOM_MATCHED_PANEL	575	0.5806254277985384	0.1806099780532305	0.6353906378126466	0.1874305812661977	0.5709508702735144
RANDOM_MATCHED_PANEL	576	0.5264174300021291	0.1862975746469442	0.6426996473166953	0.212884116993706	0.4891442072270332
RANDOM_MATCHED_PANEL	577	0.5405003671414631	0.196964573678658	0.6469560001128448	0.2297605825003085	0.5154953461564111
RANDOM_MATCHED_PANEL	578	0.5340466414996483	0.1817514415237656	0.6351136850408555	0.2559854374922868	0.5076833671534863
RANDOM_MATCHED_PANEL	579	0.5017444241510948	0.1801446803392403	0.6489003788419212	0.1800876218684438	0.6583688206769747
RANDOM_MATCHED_PANEL	580	0.5250137655144479	0.1990323877541517	0.6339072542408961	0.2854189806244601	0.4850667352596529
RANDOM_MATCHED_PANEL	581	0.5458259030301893	0.1926221938960229	0.6324821857156873	0.1915957052943354	0.5679785075309383
RANDOM_MATCHED_PANEL	582	0.4910368956897092	0.1945358840645198	0.6438347542864256	0.1745341231642601	0.6882448769613307
RANDOM_MATCHED_PANEL	583	0.5345245742373282	0.1970304942010582	0.6382030637752746	0.1053313587560163	0.5922813836729638
RANDOM_MATCHED_PANEL	584	0.5579876438024391	0.1928674304514631	0.6380245762286402	0.1383746760459089	0.5415702077795879
RANDOM_MATCHED_PANEL	585	0.5483067596730289	0.1978119929886021	0.6500186468462913	0.2058188325311613	0.5867558375489439
RANDOM_MATCHED_PANEL	586	0.4969508532742546	0.1996785654243457	0.6513296018866699	0.3137109712452179	0.5244886488134366
RANDOM_MATCHED_PANEL	587	0.5903786247345457	0.2289896991466632	0.6450254964903257	0.2523448105639886	0.5481437023064392
RANDOM_MATCHED_PANEL	588	0.5073798361459749	0.1853729519108481	0.6499228076269439	0.2197951376033568	0.5529833185667877
RANDOM_MATCHED_PANEL	589	0.5398738861784874	0.1731112420968555	0.6318493233173832	0.1966247068986795	0.6127163775281754
RANDOM_MATCHED_PANEL	590	0.5645532802191002	0.1932983110643878	0.6465123568811609	0.1819696408737504	0.5468671106157172
RANDOM_MATCHED_PANEL	591	0.5488231075475305	0.1965588208286218	0.6335765996824794	0.2160619523633222	0.5575657111282593
RANDOM_MATCHED_PANEL	592	0.5621246633800446	0.178532373024824	0.6285329812860377	0.2755152412686659	0.5246982384940029
RANDOM_MATCHED_PANEL	593	0.495418854627049	0.186312335400987	0.642841525475349	0.2815623843021104	0.6151076052473635
RANDOM_MATCHED_PANEL	594	0.4929121882639809	0.193396420928042	0.63903915044056	0.2270763914599531	0.5152000152428858
RANDOM_MATCHED_PANEL	595	0.5117456015677398	0.1847020790441918	0.6546888159181394	0.0949648278415402	0.6436880162336734
RANDOM_MATCHED_PANEL	596	0.5742537997217801	0.2031183195847887	0.6484542519808704	0.2208132790324571	0.5361113492812026
RANDOM_MATCHED_PANEL	597	0.5432748815921592	0.186930840478876	0.6374959717267954	0.1547574972232506	0.6005697028589938
RANDOM_MATCHED_PANEL	598	0.5636122670757581	0.1859629477195369	0.6247694018181121	0.0940083919535974	0.5189726294930788
RANDOM_MATCHED_PANEL	599	0.5274752326100899	0.1823846508217069	0.639753794467562	0.1684252745896582	0.5836691531624225
RANDOM_MATCHED_PANEL	600	0.5267282877272762	0.1803345200814314	0.6465237496668478	0.2688201900530668	0.567864185886993
RANDOM_MATCHED_PANEL	601	0.5081002207651687	0.1747429293681895	0.6351845420818842	0.1454091077378748	0.6236150409176217
RANDOM_MATCHED_PANEL	602	0.4888556415764711	0.1894786494318857	0.6490562444150509	0.3303714673577687	0.5666352282145818
RANDOM_MATCHED_PANEL	603	0.5276181900387739	0.2064312182940387	0.6541580085889033	0.180056769097865	0.5994741204378519
RANDOM_MATCHED_PANEL	604	0.5752719262447044	0.1865334210592428	0.6367504109815472	0.2046155744785882	0.6228338430173292
RANDOM_MATCHED_PANEL	605	0.4870442763696982	0.1980762253267159	0.6429939288462605	0.1129828458595582	0.6293406499185458
RANDOM_MATCHED_PANEL	606	0.5126333375288193	0.1851932006273002	0.6301998466663505	0.2414537825496729	0.5677879714576962
RANDOM_MATCHED_PANEL	607	0.538186639744716	0.1839760935156204	0.6517378836372083	0.308034061458719	0.5789914925643297
RANDOM_MATCHED_PANEL	608	0.5668790156617243	0.1631161386902704	0.6103099940307664	0.3299086757990868	0.5682833652481255
RANDOM_MATCHED_PANEL	609	0.560845094447484	0.1896345927763255	0.647395798182645	0.1070591139084289	0.5721607743386017
RANDOM_MATCHED_PANEL	610	0.520938099727604	0.2056376580949456	0.646727979846842	0.2920831790694805	0.5781721874493888
RANDOM_MATCHED_PANEL	611	0.5371102689076843	0.1753115958027248	0.6379947231619387	0.0522954461310625	0.6642373317328303
RANDOM_MATCHED_PANEL	612	0.5470525664488883	0.1974757378058337	0.6397813924440966	0.2582376897445391	0.577819695713891
RANDOM_MATCHED_PANEL	613	0.5427061687543696	0.188613754569908	0.6344346693769406	0.0001234110823151	0.6110206064763211
RANDOM_MATCHED_PANEL	614	0.511208059211358	0.1930616895440241	0.6400622190412457	0.2414229297790942	0.5279087713281317
RANDOM_MATCHED_PANEL	615	0.5209185661729911	0.1970471390711404	0.6512932328943841	0.1970257929162039	0.538169138872217
RANDOM_MATCHED_PANEL	616	0.5375974042577841	0.1915295490647821	0.6375463364236803	0.201129211403184	0.5389027027541988
RANDOM_MATCHED_PANEL	617	0.5793789694642439	0.2090165901339156	0.6454138001856932	0.1964087375046279	0.5466194137205025
RANDOM_MATCHED_PANEL	618	0.5256752772707316	0.1663788831479737	0.6347308505111448	0.2698383314821671	0.5470195394743109
RANDOM_MATCHED_PANEL	619	0.4991234501356741	0.1830736415898975	0.6374552915041979	0.2077625570776256	0.5856412015204778
RANDOM_MATCHED_PANEL	620	0.5399929824134846	0.1867062434585135	0.6259236988451954	0.179439713686289	0.5627482923204435
RANDOM_MATCHED_PANEL	621	0.5197003566774592	0.1824404522131182	0.6484096175088372	0.216401332839689	0.5712080939723913
RANDOM_MATCHED_PANEL	622	0.5697204402167275	0.1901667938264584	0.6302006394386085	0.2221090953967666	0.5518877361456457
RANDOM_MATCHED_PANEL	623	0.5625012581293576	0.1926200551466939	0.6438899846292822	0.2371343946686413	0.5477149961416444
RANDOM_MATCHED_PANEL	624	0.5575561676993821	0.2077712940777882	0.6582924028566515	0.2263976305072196	0.5504491887926681
RANDOM_MATCHED_PANEL	625	0.5221916562411745	0.1800015396713701	0.638387000019244	0.1240281377267678	0.6265302428382253
RANDOM_MATCHED_PANEL	626	0.5684311665043899	0.178351530505708	0.6295318472832155	0.0648525237566333	0.6635704554764831
RANDOM_MATCHED_PANEL	627	0.4965817566636608	0.2014155744878986	0.6358468927324709	0.2329075650993459	0.518801147027161
RANDOM_MATCHED_PANEL	628	0.4775577658332121	0.1865223643049184	0.6399978960043391	0.1725595458472171	0.6009984090237884
RANDOM_MATCHED_PANEL	629	0.5598148964360887	0.2211587637861577	0.6434534928698885	0.2192706405035172	0.5918717311154934
RANDOM_MATCHED_PANEL	630	0.5328069802538843	0.1764145372705309	0.6393820368936368	0.2139948167345428	0.6247106233387635
RANDOM_MATCHED_PANEL	631	0.502661455088437	0.1740634156176375	0.6254917223010898	0.1085400468962112	0.5753236731544199
RANDOM_MATCHED_PANEL	632	0.5695230336980098	0.174011544799178	0.6394057080970332	0.1737010983586326	0.622633780140425
RANDOM_MATCHED_PANEL	633	0.5488452990027295	0.1704681424940031	0.6259546611293462	0.223127236825867	0.599026360665733
RANDOM_MATCHED_PANEL	634	0.5641217553133007	0.1786922279077948	0.6434830728054639	0.259934592126373	0.5753998875837167
RANDOM_MATCHED_PANEL	635	0.4811253009324333	0.183796103728751	0.6475149202212402	0.2740960138220413	0.4912305772290338
RANDOM_MATCHED_PANEL	636	0.5268322768745924	0.1823852014132384	0.6382338011658628	0.1695668271010737	0.6060190345537169
RANDOM_MATCHED_PANEL	637	0.5711508488479758	0.19769551707025	0.6456898013809678	0.2388312970504751	0.5363780997837415
RANDOM_MATCHED_PANEL	638	0.5809543278293334	0.1967525135769672	0.6393346210699715	0.1784524250277675	0.5588423028189811
RANDOM_MATCHED_PANEL	639	0.5428213121710416	0.198570715498648	0.6566692052999187	0.1386214982105393	0.5815732563567597
RANDOM_MATCHED_PANEL	640	0.5629925824719053	0.1930245049925599	0.6435266526031842	0.2447858817721832	0.5602427429573104
RANDOM_MATCHED_PANEL	641	0.5735572698571406	0.1726049292500029	0.6380194541066333	0.0751573491299518	0.5515828784284584
RANDOM_MATCHED_PANEL	642	0.5510187953051592	0.195102671840005	0.6489188423867577	0.2947673701098359	0.6709060942963027
RANDOM_MATCHED_PANEL	643	0.5631776646097583	0.1842295043642809	0.6414359659839263	0.2274466247068987	0.6465174769213181
RANDOM_MATCHED_PANEL	644	0.5139915503684218	0.1941763298854725	0.6347186937488888	0.3579229914846353	0.410576657425667
RANDOM_MATCHED_PANEL	645	0.5490377042009678	0.1590410126096419	0.6257073497047095	0.1867826730840429	0.6037040212638257
RANDOM_MATCHED_PANEL	646	0.520973039873863	0.1862154083927605	0.6402329501830154	0.2483956559299025	0.5391694532567378
RANDOM_MATCHED_PANEL	647	0.5478325954361545	0.1895816992946415	0.6389376430510438	0.201900530667654	0.5831356521573446
RANDOM_MATCHED_PANEL	648	0.5616224304073083	0.1770986285330533	0.6251814705416145	0.2362088115512773	0.6043518439128488
RANDOM_MATCHED_PANEL	649	0.4985625108055431	0.208549615137599	0.6568256122110115	0.288936196470443	0.5377880667257329
RANDOM_MATCHED_PANEL	650	0.4882226368479511	0.1971067259189503	0.6426454270608181	0.2352832284339134	0.558356435832214
RANDOM_MATCHED_PANEL	651	0.5274694918882313	0.1994992202738736	0.6461468710952813	0.1364309514994446	0.6140691836481942
RANDOM_MATCHED_PANEL	652	0.5379179037592811	0.1759848256126194	0.6438427700099298	0.1604344070097494	0.592843465089028
RANDOM_MATCHED_PANEL	653	0.4979231243409054	0.1902013544615971	0.6497513150688733	0.2645316549426139	0.5421703964103004
RANDOM_MATCHED_PANEL	654	0.5040490438766991	0.1731676926530898	0.6458810288179522	0.1560224608169814	0.5947583526251107
RANDOM_MATCHED_PANEL	655	0.5369318808729151	0.186724677279602	0.6260119075370522	0.060162902628656	0.5823068202387417
RANDOM_MATCHED_PANEL	656	0.520235811074625	0.1739221320784323	0.645480203824082	0.1895902752067135	0.6388198195623386
RANDOM_MATCHED_PANEL	657	0.5454716943570243	0.1612328748762538	0.6380805646304886	0.2004195976798717	0.5703983156611127
RANDOM_MATCHED_PANEL	658	0.4950064864626027	0.1705073558853894	0.6392025582200134	0.2076391459953104	0.6316366096011127
RANDOM_MATCHED_PANEL	659	0.4689990614215412	0.1781046432369993	0.638021820092382	0.1969640873750462	0.5984452256423447
RANDOM_MATCHED_PANEL	660	0.5295070181184419	0.1708746504048702	0.6426578389752514	0.1883870171541405	0.6125353682585954
RANDOM_MATCHED_PANEL	661	0.5427402631837315	0.175879384306143	0.6390785833168564	0.3204368752313958	0.5318909752588908
RANDOM_MATCHED_PANEL	662	0.5215491480216735	0.1688617306955641	0.6373260952342786	0.1956991237813156	0.4972134099288347
RANDOM_MATCHED_PANEL	663	0.565578727150322	0.1771455276270731	0.6461940569607826	0.161884487226953	0.6355140186915887
RANDOM_MATCHED_PANEL	664	0.517524420211556	0.183516825541124	0.6403046409064393	0.3596198938664693	0.4846189754875341
RANDOM_MATCHED_PANEL	665	0.5205639618233633	0.2081190078083364	0.6465980161969023	0.2414537825496729	0.5751617174921642
RANDOM_MATCHED_PANEL	666	0.5357191911415505	0.1826316869636491	0.6407925812907558	0.216092805133901	0.5437518458182096
RANDOM_MATCHED_PANEL	667	0.5190992165919608	0.1871868068751396	0.6206457415615976	0.1621621621621622	0.6337229796031133
RANDOM_MATCHED_PANEL	668	0.5040690749822859	0.1963648205362711	0.6530543963061438	0.2850796001480933	0.57496165461526
RANDOM_MATCHED_PANEL	669	0.5482610413130423	0.1796232712204073	0.6439470851864275	0.2389547081327903	0.5583373822248897
RANDOM_MATCHED_PANEL	670	0.5094503468687789	0.194574906071072	0.647291629905737	0.2500925583117364	0.5831832861756551
RANDOM_MATCHED_PANEL	671	0.5311909867639045	0.1971873728617529	0.6320867132184907	0.29337899543379	0.4999952365981689
RANDOM_MATCHED_PANEL	672	0.5309613262075622	0.2082887874148699	0.654373555248206	0.2469764284832778	0.5381215048539064
RANDOM_MATCHED_PANEL	673	0.5281503016334763	0.1834203557294509	0.6508071025216138	0.345458472170801	0.5970257318966913
RANDOM_MATCHED_PANEL	674	0.5109652518406999	0.1822081658187246	0.6480390687828368	0.1882636060718252	0.5562605390265511
RANDOM_MATCHED_PANEL	675	0.520288855089793	0.1811640672112419	0.6342997849711187	0.0371467357768727	0.6152790877132813
RANDOM_MATCHED_PANEL	676	0.5500412925113937	0.1837911230935138	0.6332578852606905	0.1934468715290633	0.5617098707212743
RANDOM_MATCHED_PANEL	677	0.5590436842349576	0.1713809877692129	0.6505240593164091	0.2134394668641244	0.5833833490525594
RANDOM_MATCHED_PANEL	678	0.5384010062637862	0.2009013112578352	0.638026176824014	0.1987844008391953	0.5486772033115168
RANDOM_MATCHED_PANEL	679	0.5487600034434561	0.1919892579550433	0.6512757247308875	0.2090583734419351	0.5375594234378422
RANDOM_MATCHED_PANEL	680	0.5342167947836658	0.2135982664181182	0.6590528192283055	0.3156238430211033	0.479998475711414
RANDOM_MATCHED_PANEL	681	0.550774321063317	0.2170034792253422	0.6489092377393293	0.3028816487720598	0.4999857097945068
RANDOM_MATCHED_PANEL	682	0.4793384071037845	0.180608739075891	0.6375739232008713	0.2854189806244601	0.5905570322101231
RANDOM_MATCHED_PANEL	683	0.5070183954496855	0.1997733469887722	0.6509083822303304	0.2029803776379119	0.6439357131288881
RANDOM_MATCHED_PANEL	684	0.4825991192812623	0.2035361938402491	0.6514656533388585	0.2074848821424164	0.5116750978879077
RANDOM_MATCHED_PANEL	685	0.5422786354085178	0.1867475776162507	0.6458404574887799	0.0933296310008638	0.5794201987291243
RANDOM_MATCHED_PANEL	686	0.5416804411216158	0.1943462616087815	0.6448357730803501	0.4209243490065408	0.4592205169243666
RANDOM_MATCHED_PANEL	687	0.4944349459909421	0.1725082792477786	0.6465323126216425	0.0281685795384425	0.6292072746672763
RANDOM_MATCHED_PANEL	688	0.520011635667957	0.1864874261544723	0.6405806102853134	0.1574725410341849	0.5888136271399582
RANDOM_MATCHED_PANEL	689	0.4912260738456	0.1928082681745048	0.6390143119204447	0.1581513019869184	0.5783531967189687
RANDOM_MATCHED_PANEL	690	0.5424080291797718	0.1955347314810582	0.6559580002268514	0.1532457114648895	0.5832595006049519
RANDOM_MATCHED_PANEL	691	0.5098551735210936	0.1967358813576117	0.6459493865826974	0.2045847217080094	0.536320938961769
RANDOM_MATCHED_PANEL	692	0.5294734473009926	0.1757348596730744	0.6477903351621352	0.0798469702579291	0.6267112521078052
RANDOM_MATCHED_PANEL	693	0.5144139816912187	0.1591630803384124	0.6421397987617955	0.1110391213130939	0.6479179170596473
RANDOM_MATCHED_PANEL	694	0.553934121226716	0.2185737757512487	0.6467777372140013	0.3105331358756016	0.4621833528632808
RANDOM_MATCHED_PANEL	695	0.5225518693208734	0.1900117695314798	0.6439548571001605	0.1731457484882142	0.5899663703830728
RANDOM_MATCHED_PANEL	696	0.537514840635796	0.1889008334574921	0.6537887711806981	0.3087745279526102	0.4941171987386512
RANDOM_MATCHED_PANEL	697	0.5408639267071405	0.1676219340950807	0.6285496783908247	0.0746637048006911	0.6274543427934492
RANDOM_MATCHED_PANEL	698	0.524096049745517	0.1781301947823998	0.6387637116641209	0.1871837591015673	0.6755265940724227
RANDOM_MATCHED_PANEL	699	0.5374273561489915	0.1830155763576689	0.6462040937045375	0.2346044674811798	0.5659492983509102
RANDOM_MATCHED_PANEL	700	0.481425653888882	0.2013048912441989	0.6546770023806365	0.2162162162162162	0.6912648737222173
RANDOM_MATCHED_PANEL	701	0.5419107018829804	0.1816610028203131	0.640613653785962	0.2318585708996668	0.5519163165566321
RANDOM_MATCHED_PANEL	702	0.5416523319903641	0.1922045805186515	0.6451112214286259	0.1396704924102184	0.5869749540331722
RANDOM_MATCHED_PANEL	703	0.5271604663591709	0.1984007811881034	0.6346577914179672	0.180211032950759	0.482389703430602
RANDOM_MATCHED_PANEL	704	0.5064692308724754	0.216896878328662	0.6571572106259779	0.2853572750833025	0.5619099335981784
RANDOM_MATCHED_PANEL	705	0.5562347822032169	0.1836445728036032	0.6322034316263834	0.2363322226335925	0.5462859755923289
RANDOM_MATCHED_PANEL	706	0.4798468002804315	0.1769919016411705	0.6446324232275418	0.3143588794273726	0.5529356845484771
RANDOM_MATCHED_PANEL	707	0.5528555018399796	0.2041206260446853	0.6394368014394525	0.2005121559916081	0.5230310478531348
RANDOM_MATCHED_PANEL	708	0.5278048447889374	0.1964555353174892	0.6381778610261029	0.1178884363815871	0.5742471443406023
RANDOM_MATCHED_PANEL	709	0.5225872590800978	0.1910389316857298	0.645942873813812	0.2097988399358263	0.5602236893499861
RANDOM_MATCHED_PANEL	710	0.5666967248831202	0.1849433892584843	0.6441683870244187	0.1312785388127854	0.5687787590385549
RANDOM_MATCHED_PANEL	711	0.6063098566572714	0.2043609929962379	0.6351821096017953	0.1932617549055905	0.5983213771947373
RANDOM_MATCHED_PANEL	712	0.54147802174318	0.1831626452558809	0.6400168282961086	0.2001419227446625	0.5225451808663675
RANDOM_MATCHED_PANEL	713	0.4942130959372305	0.177849378409616	0.634116498681044	0.2650252992718747	0.4752350738803623
RANDOM_MATCHED_PANEL	714	0.5444962909245253	0.1895762501671652	0.6495633139558614	0.1467357768727632	0.6844722627111378
RANDOM_MATCHED_PANEL	715	0.5189312253842443	0.1714988297849188	0.6505933475510572	0.0243428359866716	0.6683433841111969
RANDOM_MATCHED_PANEL	716	0.5485607118421897	0.2122789685045786	0.638972659957013	0.1646920893496236	0.55652728952909
RANDOM_MATCHED_PANEL	717	0.539106457932304	0.1993494613120222	0.6392440473231729	0.3928174750092559	0.4655844217706517
RANDOM_MATCHED_PANEL	718	0.5654194064053071	0.1844949371100587	0.6425530267952816	0.192274466247069	0.625025007859613
RANDOM_MATCHED_PANEL	719	0.5063361909727478	0.1919971985199614	0.6337198007939067	0.2172652104158954	0.6135261558394542
RANDOM_MATCHED_PANEL	720	0.5668736476917263	0.1912516511176559	0.6386573190391357	0.3147908182154758	0.5836024655367876
RANDOM_MATCHED_PANEL	721	0.5123082923239329	0.1893796295638364	0.6456839097033397	0.2134394668641244	0.5789629121533434
RANDOM_MATCHED_PANEL	722	0.5197855860032049	0.1960779639150295	0.6348047367385931	0.1547574972232506	0.5871273828917659
RANDOM_MATCHED_PANEL	723	0.5332654282317151	0.1901215538355263	0.6330191766982796	0.1966247068986795	0.5488867929920832
RANDOM_MATCHED_PANEL	724	0.5384319741333204	0.187770808096648	0.6401895838769416	0.2923608540046897	0.6227576285880324
RANDOM_MATCHED_PANEL	725	0.5025156467075008	0.1707755288617975	0.6406456668353945	0.3104714303344441	0.5777434812845942
RANDOM_MATCHED_PANEL	726	0.5707355360587285	0.1897178493144787	0.6444878942854616	0.20097494755029	0.5933388588794573
RANDOM_MATCHED_PANEL	727	0.4887631611018758	0.1843283598276312	0.6485665250757537	0.1388683203751697	0.6636180894947936
RANDOM_MATCHED_PANEL	728	0.5388614249616785	0.1956084777049325	0.6341790063070711	0.1635813896087869	0.5941581639943982
RANDOM_MATCHED_PANEL	729	0.5845467386489986	0.1917968132510158	0.6359782088117797	0.1392385536221152	0.6339325692836796
RANDOM_MATCHED_PANEL	730	0.4897158513958465	0.1975587300835195	0.6424798007405562	0.2862520054300876	0.5420656015700172
RANDOM_MATCHED_PANEL	731	0.5230812023924568	0.1988276434064959	0.6540034564632353	0.1171479698876959	0.6259014737965265
RANDOM_MATCHED_PANEL	732	0.5157066337203008	0.1816512588534542	0.6251917201449952	0.0568925089473034	0.5438756942658167
RANDOM_MATCHED_PANEL	733	0.5112599785948825	0.187645683826513	0.6432313349591694	0.2786930766382822	0.5307477588194385
RANDOM_MATCHED_PANEL	734	0.5252807303397472	0.2080194687635947	0.6382618081165952	0.2755152412686659	0.6337991940324101
RANDOM_MATCHED_PANEL	735	0.5177804796324884	0.1701837032794703	0.6463517025313282	0.2393557941503147	0.502948545733421
RANDOM_MATCHED_PANEL	736	0.5216057869660118	0.1978906449634138	0.6435330876272916	0.2221708009379242	0.5456953137652786
RANDOM_MATCHED_PANEL	737	0.5639747341809772	0.1894185367587641	0.6299615565786523	0.109805010489942	0.5671401488086731
RANDOM_MATCHED_PANEL	738	0.5587387050700043	0.1892347121361084	0.633452698308683	0.1268357398494385	0.5626816046948088
RANDOM_MATCHED_PANEL	739	0.534539677746012	0.1842046015713722	0.6394015654981435	0.1876156978896705	0.5652633684872388
RANDOM_MATCHED_PANEL	740	0.4957455290179671	0.1833054844649964	0.6355668277715486	0.3540972479328644	0.5154191317271142
RANDOM_MATCHED_PANEL	741	0.5688779068592794	0.1982233543094615	0.6525793505055266	0.1563926940639269	0.5975782865090933
RANDOM_MATCHED_PANEL	742	0.5495561966839343	0.2146346812717276	0.6520405054089524	0.2664753794890782	0.514390236931607
RANDOM_MATCHED_PANEL	743	0.5505715382159069	0.2022554593577633	0.6358022784480128	0.2480562754535357	0.5337010679546905
RANDOM_MATCHED_PANEL	744	0.516491732156582	0.1746619577102762	0.6504435643809494	0.1952054794520548	0.5611001552868997
RANDOM_MATCHED_PANEL	745	0.5161099221290512	0.1811509168301684	0.6383781191580494	0.2446624706898679	0.5891756456791181
RANDOM_MATCHED_PANEL	746	0.5222470386043729	0.1690893288425985	0.6236900699996795	0.1064729112674318	0.5970447855040155
RANDOM_MATCHED_PANEL	747	0.5282309391889466	0.194320831918809	0.644761221874865	0.060162902628656	0.6014175883849211
RANDOM_MATCHED_PANEL	748	0.4773155315933468	0.1864832685912795	0.6454671944009093	0.2787856349500185	0.5460668591081006
RANDOM_MATCHED_PANEL	749	0.5195071014434139	0.1700565570434787	0.6361437689564503	0.1857336788843638	0.5886897786923508
RANDOM_MATCHED_PANEL	750	0.5066889548168888	0.1770378017608988	0.6400573420697674	0.2423485128964581	0.5887850467289719
RANDOM_MATCHED_PANEL	751	0.5388358085488799	0.1969535549181373	0.6460037604632037	0.1873380229544613	0.5748187525603284
RANDOM_MATCHED_PANEL	752	0.5546317554133711	0.1746800886340491	0.6324555803957378	0.1382821177341725	0.6612935494012403
RANDOM_MATCHED_PANEL	753	0.4990749170912041	0.170796019716293	0.646014422955303	0.1359681599407627	0.6529861766078864
RANDOM_MATCHED_PANEL	754	0.5372311384417671	0.1844687873961707	0.6408254903338187	0.1121189682833518	0.5513351815332438
RANDOM_MATCHED_PANEL	755	0.5030449463587953	0.1973171210813665	0.6462384568158678	0.1913180303591262	0.5760381834290776
RANDOM_MATCHED_PANEL	756	0.5372764788109011	0.1753807438329912	0.6410571109634997	0.2381833888683204	0.6028751893452229
RANDOM_MATCHED_PANEL	757	0.5365594020535165	0.1761374326297225	0.6204925155534166	0.1399790201160064	0.5919384187411281
RANDOM_MATCHED_PANEL	758	0.5686434753095447	0.2044474767273508	0.6411191624773848	0.1877082562014069	0.5588041956043327
RANDOM_MATCHED_PANEL	759	0.5003856900835516	0.161619151107147	0.6562781919840938	0.2414537825496729	0.5091219145064639
RANDOM_MATCHED_PANEL	760	0.5591050564729051	0.1808811267082364	0.64527066772015	0.1368011847463902	0.5471433879219183
RANDOM_MATCHED_PANEL	761	0.5241388688029887	0.1892504218697298	0.6571121224875341	0.2241453782549673	0.5495917764630789
RANDOM_MATCHED_PANEL	762	0.5609915146612301	0.1776333514224382	0.646131063455322	0.2388621498210539	0.6054378995303286
RANDOM_MATCHED_PANEL	763	0.553150871590061	0.1757761137225816	0.6400830717035286	0.1612982845859558	0.5937008774186172
RANDOM_MATCHED_PANEL	764	0.5408687905366502	0.1713568686186294	0.632528370459005	0.1249537208441318	0.6245391408728457
RANDOM_MATCHED_PANEL	765	0.514070807317108	0.1933690026513644	0.6500425583238945	0.2097062816240898	0.5885373498337573
RANDOM_MATCHED_PANEL	766	0.5470744337730804	0.1607167294974582	0.6291107219735123	0.3515056152042454	0.6406489658654624
RANDOM_MATCHED_PANEL	767	0.5220420140031963	0.1799665385434873	0.6526662914565876	0.210138220412193	0.5925957681938132
RANDOM_MATCHED_PANEL	768	0.5483857312738551	0.1824927094816052	0.6363795679146805	0.1596013822041219	0.631198376632656
RANDOM_MATCHED_PANEL	769	0.5626438529385704	0.1849127030380422	0.6177737716571141	0.1244292237442922	0.568407213695733
RANDOM_MATCHED_PANEL	770	0.5562428310448042	0.1920280401715349	0.6401632209259507	0.1574108354930273	0.5158859451065574
RANDOM_MATCHED_PANEL	771	0.5256327269239051	0.1883212549812882	0.6317548002661271	0.1536776502529927	0.5890803776424971
RANDOM_MATCHED_PANEL	772	0.5667241919984816	0.2169896577262203	0.6322596948715086	0.2900468962112797	0.5334628978631379
RANDOM_MATCHED_PANEL	773	0.5748252471472942	0.1932025370147568	0.6433942479122969	0.2147661359990127	0.5086932083416693
RANDOM_MATCHED_PANEL	774	0.5281319740583256	0.1843137035463537	0.635623797285444	0.2993644329260768	0.5918622043118313
RANDOM_MATCHED_PANEL	775	0.5023855127319841	0.1913316798978425	0.6503495812583977	0.2608601752437369	0.5677593910467098
RANDOM_MATCHED_PANEL	776	0.5810030196334363	0.1881118948689657	0.6272622734343506	0.1574108354930273	0.5423323520725561
RANDOM_MATCHED_PANEL	777	0.5491769528473409	0.1845727852300029	0.6385555969599684	0.1971800567690979	0.5600712604913926
RANDOM_MATCHED_PANEL	778	0.5222229850189763	0.1982688040382985	0.6529910236125726	0.185702826113785	0.5864223994207705
RANDOM_MATCHED_PANEL	779	0.5457164833323441	0.2042711665448493	0.6397697805971836	0.2197334320621992	0.548315184772357
RANDOM_MATCHED_PANEL	780	0.5074071163695414	0.1710824337990033	0.6337967908606427	0.2453720844131803	0.5814779883201386
RANDOM_MATCHED_PANEL	781	0.514736994714524	0.1847163119066308	0.6434343319557445	0.1631803035912625	0.6245867748911562
RANDOM_MATCHED_PANEL	782	0.580443612743304	0.1795497594352377	0.6357036276959069	0.1826792545970628	0.6351901073670772
RANDOM_MATCHED_PANEL	783	0.5495857073002628	0.1854770007074573	0.6484045624548427	0.2094286066888806	0.6209094286775843
RANDOM_MATCHED_PANEL	784	0.5055571046153481	0.2230269364769476	0.6589286186503917	0.2365790447982229	0.5235645488582126
RANDOM_MATCHED_PANEL	785	0.5333446691133512	0.1834314346506574	0.633127945600689	0.2162162162162162	0.5948155134470834
RANDOM_MATCHED_PANEL	786	0.526818737540236	0.180455875818771	0.6360033589342355	0.1926446994940146	0.5679689807272762
RANDOM_MATCHED_PANEL	787	0.5425559740140027	0.1648015086308338	0.6348483046511946	0.2273849191657411	0.542970647917917
RANDOM_MATCHED_PANEL	788	0.548517624224544	0.1719980508882208	0.6309502898441364	0.1637973590028384	0.6919603303895508
RANDOM_MATCHED_PANEL	789	0.5632539386180778	0.1865342572043111	0.6506761533275397	0.2208132790324571	0.5744472072175064
RANDOM_MATCHED_PANEL	790	0.5099098276457643	0.170905614971479	0.6405953650866021	0.1310008638775762	0.5711414063467566
RANDOM_MATCHED_PANEL	791	0.5306415822017392	0.1806260139814015	0.6487535421301459	0.2110329507589781	0.5494965084264578
RANDOM_MATCHED_PANEL	792	0.5417012679957903	0.2091414844851976	0.6310134701035298	0.209829692706405	0.5844408242590529
RANDOM_MATCHED_PANEL	793	0.5449346747522068	0.2180318049074196	0.6287294495232221	0.1694125632481797	0.6021416254632409
RANDOM_MATCHED_PANEL	794	0.543251698735757	0.1756962848468122	0.6462828155851327	0.2354066395162286	0.5381977192832031
RANDOM_MATCHED_PANEL	795	0.5491272676684513	0.1447200455745739	0.639246442444695	0.1718807848944835	0.6550820734135491
RANDOM_MATCHED_PANEL	796	0.5756749103178521	0.1874677074613009	0.6378851052254838	0.0445205479452054	0.558089685329675
RANDOM_MATCHED_PANEL	797	0.5300002057058344	0.201237777945838	0.6444554221721719	0.2659200296186598	0.5631007840559413
RANDOM_MATCHED_PANEL	798	0.579390479974309	0.185401095146265	0.6383074289841454	0.0841972109095397	0.6162603484904778
RANDOM_MATCHED_PANEL	799	0.5189231166824113	0.1915785417057462	0.6330846510967849	0.1322966802418857	0.5990358874693951
RANDOM_MATCHED_PANEL	800	0.5263098670298142	0.1889051146450454	0.6429112362495464	0.3408614093545601	0.5052063982013395
RANDOM_MATCHED_PANEL	801	0.5473287255660618	0.1831127818005597	0.6356067091872093	0.2230038257435518	0.5249459353892174
RANDOM_MATCHED_PANEL	802	0.5161760001451939	0.2123029393807863	0.6360723712809976	0.2975749722325065	0.4771690150237693
RANDOM_MATCHED_PANEL	803	0.5291350029649381	0.1694482846011486	0.6400114282055099	0.1856719733432062	0.617651261825145
RANDOM_MATCHED_PANEL	804	0.53744247936938	0.1821777187889898	0.6507200632545258	0.1318955942243614	0.5517734145017005
RANDOM_MATCHED_PANEL	805	0.4841877495851752	0.1896145814057301	0.6471030047069775	0.24281130445514	0.5408747511122544
RANDOM_MATCHED_PANEL	806	0.5111359466002717	0.2079845091866476	0.6440937264266322	0.1981056398864618	0.566663808625568
RANDOM_MATCHED_PANEL	807	0.4951814496148142	0.1743615526934056	0.6557466428709766	0.2923608540046897	0.5871369096954281
RANDOM_MATCHED_PANEL	808	0.5138999844935288	0.2093832420055306	0.6460085519354302	0.3283043317289893	0.5218592510026961
RANDOM_MATCHED_PANEL	809	0.5490016404221638	0.1692956729308807	0.631694870934333	0.2852030112304085	0.6083912086655806
RANDOM_MATCHED_PANEL	810	0.5268510459077247	0.1773151469137387	0.6477113001540197	0.1811057632975441	0.552745148475235
RANDOM_MATCHED_PANEL	811	0.5457068762658618	0.1848714678425425	0.6620892328383055	0.2428421572257189	0.5018148560976307
RANDOM_MATCHED_PANEL	812	0.5327592724915394	0.1780697367932024	0.6345376407935233	0.0532210292484265	0.7051263730505778
RANDOM_MATCHED_PANEL	813	0.5353302405377738	0.2189274803607034	0.6451371408671807	0.3077872392940887	0.5338153895986357
RANDOM_MATCHED_PANEL	814	0.5322773952014588	0.2070703389792551	0.6511130239563304	0.2215537455263483	0.586479560242743
RANDOM_MATCHED_PANEL	815	0.5684841293703715	0.1918491984589093	0.6403786846818111	0.1758916450697273	0.6109539188506864
RANDOM_MATCHED_PANEL	816	0.5424629162506347	0.1782854337739335	0.6422949214846153	0.234419350857707	0.6351329465451045
RANDOM_MATCHED_PANEL	817	0.56406516556774	0.2085706798765903	0.6400204381290467	0.1877391089719857	0.5467051549534616
RANDOM_MATCHED_PANEL	818	0.5311751003188834	0.2017978349920642	0.6401335180133003	0.1606195236332223	0.5308620804633837
RANDOM_MATCHED_PANEL	819	0.5238281514782157	0.1735637823925332	0.6524365416552956	0.1216524743922004	0.5177913058389779
RANDOM_MATCHED_PANEL	820	0.5670886249312883	0.1744556240506723	0.6480100109443858	0.1876774034308281	0.614802747530176
RANDOM_MATCHED_PANEL	821	0.5531695402138433	0.1712049214850045	0.6386418374130374	0.2590707145501666	0.6059809273390685
RANDOM_MATCHED_PANEL	822	0.5260279870715693	0.1645302082719498	0.6405007204722244	0.121559916080464	0.540941438737889
RANDOM_MATCHED_PANEL	823	0.5052353902635479	0.1785236067139853	0.6293647823227864	0.100487473775145	0.6212619204130821
RANDOM_MATCHED_PANEL	824	0.5372823008730951	0.1857715809195336	0.6493812184986372	0.1702455880538072	0.5850314860861032
RANDOM_MATCHED_PANEL	825	0.5120987983317806	0.1773785896134747	0.6347535418910051	0.1562384302110329	0.5988262977888289
RANDOM_MATCHED_PANEL	826	0.5649876270251749	0.1997330317304174	0.6449982022660444	0.339349623596199	0.4868768279554526
RANDOM_MATCHED_PANEL	827	0.5206017767224619	0.1823200432677179	0.6398226351825858	0.2676477847710725	0.5930054207512837
RANDOM_MATCHED_PANEL	828	0.4930521004266701	0.1803585554804931	0.6430370159347151	0.3099160804640257	0.5716272733335238
RANDOM_MATCHED_PANEL	829	0.5496076154980436	0.1714177647770822	0.6367983602209638	0.378285820066642	0.5240027818266693
RANDOM_MATCHED_PANEL	830	0.538837011320296	0.1810823652456729	0.6464756406023187	0.1982599037393558	0.5227928777615822
RANDOM_MATCHED_PANEL	831	0.5484110490658004	0.1847873265566285	0.6312074581539069	0.2833209922251018	0.4975277944496841
RANDOM_MATCHED_PANEL	832	0.5309128405242236	0.1609310621812772	0.6222414939325177	0.0223682586696285	0.6573780330961159
RANDOM_MATCHED_PANEL	833	0.5264598065354288	0.1918084666390687	0.6473604048247482	0.2010366530914476	0.6130498156563491
RANDOM_MATCHED_PANEL	834	0.5404416854630375	0.1812407349694996	0.634471941760669	0.2152597803282735	0.6017414997094325
RANDOM_MATCHED_PANEL	835	0.5164882284314791	0.1975032040900641	0.6496968171536021	0.2463593730717019	0.5455905189249953
RANDOM_MATCHED_PANEL	836	0.5741002372194821	0.1905290042313412	0.6414961862207383	0.3393804763667778	0.5389598635761715
RANDOM_MATCHED_PANEL	837	0.5296906726562286	0.1735006165942641	0.6437570648478891	0.1761384672343576	0.5535263463755276
RANDOM_MATCHED_PANEL	838	0.5479147461363986	0.2035160878500566	0.643336771412924	0.2347895841046526	0.5890327436241867
RANDOM_MATCHED_PANEL	839	0.5193938784323892	0.2066201057704964	0.6460877645980365	0.1691348883129705	0.6191088627854467
RANDOM_MATCHED_PANEL	840	0.5225340897588124	0.169816980548586	0.632526345449762	0.1061643835616438	0.6249106862156678
RANDOM_MATCHED_PANEL	841	0.553430293448252	0.1967555628395553	0.6558026196356359	0.1463963963963964	0.6469366562824506
RANDOM_MATCHED_PANEL	842	0.5596791082245393	0.2014354660067157	0.6507094035455335	0.290478834999383	0.5706745929673134
RANDOM_MATCHED_PANEL	843	0.5206814950896426	0.1966935225454294	0.6419854016868425	0.3099160804640257	0.5350919812893575
RANDOM_MATCHED_PANEL	844	0.5182453163838707	0.1825069537673369	0.6540326727237622	0.3138035295569543	0.5957015061876589
RANDOM_MATCHED_PANEL	845	0.5162775843038102	0.1987977434287532	0.6364197757467149	0.1126743181537702	0.5876608838968437
RANDOM_MATCHED_PANEL	846	0.5391899136964532	0.2010978733946404	0.6461657942992306	0.1605578180920646	0.5732563567597435
RANDOM_MATCHED_PANEL	847	0.5457233786219722	0.2000557133462905	0.6496155607599127	0.2103233370356658	0.5475911476940372
RANDOM_MATCHED_PANEL	848	0.5473931083156657	0.1622974827876882	0.6261697470204147	0.140040725657164	0.6407537607057455
RANDOM_MATCHED_PANEL	849	0.5546967285132504	0.1866804395316489	0.6391455255365697	0.1412748364803159	0.617193975249364
RANDOM_MATCHED_PANEL	850	0.5392787821127781	0.2163545925105656	0.6409487220143099	0.2484882142416389	0.5190774243333618
RANDOM_MATCHED_PANEL	851	0.5212585061292669	0.182939080957876	0.6405082835018975	0.146458101937554	0.6303600179103909
RANDOM_MATCHED_PANEL	852	0.5633811002758534	0.1946648903504122	0.6464829249365565	0.1415525114155251	0.6152695609096192
RANDOM_MATCHED_PANEL	853	0.5401489846862155	0.1945916800343889	0.6487963804280006	0.2242687893372825	0.5257557137004962
RANDOM_MATCHED_PANEL	854	0.4876991887192897	0.208481944043069	0.6502562553420999	0.1787918055041343	0.5252507931064049
RANDOM_MATCHED_PANEL	855	0.5168913179636078	0.2034337977438389	0.6409802867991377	0.2097062816240898	0.5712271475797155
RANDOM_MATCHED_PANEL	856	0.563906091591036	0.1676838965846722	0.6432550980098515	0.3232136245834877	0.5876323034858575
RANDOM_MATCHED_PANEL	857	0.5031368622555958	0.1830990098434109	0.6240038224099496	0.1362458348759719	0.6480608191145788
RANDOM_MATCHED_PANEL	858	0.5472747947500322	0.1877441320208644	0.6419181275604663	0.2728927557694681	0.4965655872798117
RANDOM_MATCHED_PANEL	859	0.4941363441381647	0.1811560289114478	0.6477205054806734	0.1622855732444774	0.4983470995646251
RANDOM_MATCHED_PANEL	860	0.5197292661403737	0.2066038621278619	0.6478320466586603	0.3266382821177342	0.5382167728905275
RANDOM_MATCHED_PANEL	861	0.5785718262007811	0.1911885792989769	0.6523924396644651	0.1476922127607059	0.5976449741347281
RANDOM_MATCHED_PANEL	862	0.5251228802721845	0.2011558073879463	0.6423130435859927	0.1513945452301617	0.5683976868920708
RANDOM_MATCHED_PANEL	863	0.5064711670705969	0.1714064845279808	0.6468804763536808	0.1709860545476984	0.5992550039536235
RANDOM_MATCHED_PANEL	864	0.5733512314951746	0.2117163950405165	0.6367447958949214	0.1363075404171294	0.5888707879619308
RANDOM_MATCHED_PANEL	865	0.5311122735495761	0.1814746188346433	0.6317019883298937	0.3264840182648402	0.5683595796774225
RANDOM_MATCHED_PANEL	866	0.51880601675976	0.176239957901709	0.6547234689973558	0.3029742070837962	0.5419703335333962
RANDOM_MATCHED_PANEL	867	0.5358577777255987	0.1916831793935927	0.6351630039563921	0.2621868443786253	0.5576133451465699
RANDOM_MATCHED_PANEL	868	0.552919839545557	0.1684496450708824	0.6320517795613422	0.2029495248673331	0.568616803376299
RANDOM_MATCHED_PANEL	869	0.5226451157875606	0.1747022567469972	0.6345984450277776	0.0811736393928174	0.6107633827774442
RANDOM_MATCHED_PANEL	870	0.519589984459101	0.187791172007619	0.6364011083043247	0.2266753054424287	0.4858193527489592
RANDOM_MATCHED_PANEL	871	0.5777716853927028	0.1998917882933606	0.6379063223847544	0.1652474392200419	0.5905475054064611
RANDOM_MATCHED_PANEL	872	0.5373594173376106	0.1857523383579973	0.6364502088870695	0.2409601382204122	0.4886202330256176
RANDOM_MATCHED_PANEL	873	0.5129531880354882	0.1804534253734646	0.6402774517377801	0.224484758731334	0.6174797793592273
RANDOM_MATCHED_PANEL	874	0.5535625201941667	0.1683310124718298	0.6391940581985093	0.3416944341601876	0.5709699238808387
RANDOM_MATCHED_PANEL	875	0.5637789841746408	0.1703033262893644	0.6343178765179404	0.2269529803776379	0.5219164118246686
RANDOM_MATCHED_PANEL	876	0.5486192154712851	0.19824609959668	0.6519179127166629	0.2031037887202271	0.6016176512618251
RANDOM_MATCHED_PANEL	877	0.5417774716158453	0.17604220506574	0.645190088661427	0.1613291373565346	0.5982451627654405
RANDOM_MATCHED_PANEL	878	0.4715723788635044	0.1703957638466082	0.6370602373458789	0.2569110206096507	0.5823258738460658
RANDOM_MATCHED_PANEL	879	0.5214927307334334	0.1821951776996879	0.6427571749568517	0.1796248303097618	0.5673497384892395
RANDOM_MATCHED_PANEL	880	0.535140788419647	0.171974489400348	0.652031051253161	0.1951129211403184	0.5807444244381568
RANDOM_MATCHED_PANEL	881	0.5257125575093443	0.1784125804305979	0.6375693569799579	0.2163704800691102	0.5675402745624815
RANDOM_MATCHED_PANEL	882	0.5154257123454788	0.1699132659066282	0.6392289381920404	0.1878316672837221	0.6035611192088942
RANDOM_MATCHED_PANEL	883	0.5458372143110374	0.1857126910960427	0.6505579998936865	0.1377576206343329	0.5738755989977802
RANDOM_MATCHED_PANEL	884	0.5551847218773253	0.2064556347513181	0.6422382559668549	0.3412316426015057	0.5345394266769555
RANDOM_MATCHED_PANEL	885	0.5495386569281534	0.1848132866503908	0.6390929679356673	0.1320807108478341	0.5940247887431287
RANDOM_MATCHED_PANEL	886	0.5405701369215967	0.1897105849384726	0.6176060780718351	0.2202887819326175	0.5284232187258852
RANDOM_MATCHED_PANEL	887	0.5153488979567384	0.1994500218343703	0.6542367629367526	0.1713254350240652	0.5156573018186668
RANDOM_MATCHED_PANEL	888	0.4969035091841304	0.2059292838891198	0.6485231936358423	0.0741083549302727	0.65037583240447
RANDOM_MATCHED_PANEL	889	0.5428389418059779	0.1809816389086777	0.6247927081340363	0.0770702209058373	0.5394457305629389
RANDOM_MATCHED_PANEL	890	0.5043193514631765	0.1790121015705705	0.6273034803155544	0.1416759224978403	0.6042470490725657
RANDOM_MATCHED_PANEL	891	0.5048650733535633	0.1863621193716958	0.6360470213199241	0.3036838208071085	0.4531805234025931
RANDOM_MATCHED_PANEL	892	0.5181418004639985	0.1858815697274408	0.6479776361952472	0.1306306306306306	0.604751969666657
RANDOM_MATCHED_PANEL	893	0.5115076261509923	0.1886122551595236	0.6545397546114741	0.1740404788349994	0.6140977640591805
RANDOM_MATCHED_PANEL	894	0.5706725700483897	0.2057479658746442	0.6320670977839115	0.0624768604220659	0.5711699867577429
RANDOM_MATCHED_PANEL	895	0.5203776660333346	0.1894501297341498	0.6468459038406195	0.208009379242256	0.5889470023912278
RANDOM_MATCHED_PANEL	896	0.5423033153490155	0.1780804700937436	0.6403091867957066	0.2181290879921017	0.5873083921613459
RANDOM_MATCHED_PANEL	897	0.552236449625339	0.190890262111713	0.6395269179321014	0.2109712452178206	0.5649775643773757
RANDOM_MATCHED_PANEL	898	0.4992900506730082	0.1724608902178195	0.6478755732030241	0.2417931630260398	0.5269941981765698
RANDOM_MATCHED_PANEL	899	0.5361291491741339	0.1884499524235193	0.6514056260607339	0.2970196223620881	0.5519448969676184
RANDOM_MATCHED_PANEL	900	0.5537462515984739	0.1967796061972948	0.642578537170098	0.287887202270764	0.6102298817723665
RANDOM_MATCHED_PANEL	901	0.5078856024334004	0.1917811679818344	0.652052393770177	0.2135937307170184	0.5032915106652567
RANDOM_MATCHED_PANEL	902	0.5498619643358432	0.1997439892590528	0.6368136768108592	0.1631494508206837	0.5756190040679451
RANDOM_MATCHED_PANEL	903	0.5089616092934841	0.1637108650577784	0.6482815540976861	0.0051524126866592	0.6372478969580916
RANDOM_MATCHED_PANEL	904	0.540640965059624	0.1987741023806918	0.6465879241260412	0.100641737628039	0.6332371126163461
RANDOM_MATCHED_PANEL	905	0.5286654387755608	0.1663303174692785	0.6417583706214551	0.2060656546957917	0.5919193651338038
RANDOM_MATCHED_PANEL	906	0.5178158633787235	0.1756485100174377	0.6217716931482514	0.1314328026656794	0.5837358407880572
RANDOM_MATCHED_PANEL	907	0.4732483701909813	0.1837137148501378	0.6456613979929824	0.1069974083672714	0.5895186106109539
RANDOM_MATCHED_PANEL	908	0.5229663538309282	0.2103540519499689	0.6390418145928799	0.2740343082808836	0.5793154038888413
RANDOM_MATCHED_PANEL	909	0.5151637973120361	0.1945425770897756	0.6340543936349403	0.143403677650253	0.5595472862899767
RANDOM_MATCHED_PANEL	910	0.5489535313843907	0.1928443717244038	0.6321893199315279	0.0529433543132173	0.6659616831956711
RANDOM_MATCHED_PANEL	911	0.5077646020383965	0.1722417360288768	0.6524752929124021	0.2796803652968037	0.5080358588889842
RANDOM_MATCHED_PANEL	912	0.5138775920718986	0.1968187212610825	0.6407371821659172	0.1726521041589535	0.5795059399620833
RANDOM_MATCHED_PANEL	913	0.5735938243551917	0.1685251635305512	0.6276653307318149	0.1290571393311119	0.5515638248211343
RANDOM_MATCHED_PANEL	914	0.5589713291240445	0.16346784789239	0.6306222107736632	0.0073429593977539	0.6473558356435831
RANDOM_MATCHED_PANEL	915	0.5569928430102103	0.1962654426623971	0.6565492693884644	0.1866592620017277	0.5525165051873445
RANDOM_MATCHED_PANEL	916	0.5239238812129419	0.1859507005469409	0.6470761551912699	0.2186844378625201	0.5701029847475874
RANDOM_MATCHED_PANEL	917	0.5148652366237562	0.1898435487443784	0.6490357155322459	0.1956065654695792	0.5736183752989035
RANDOM_MATCHED_PANEL	918	0.5301451328078846	0.1786292453855592	0.6488668307889995	0.2288658521535234	0.5730658206865015
RANDOM_MATCHED_PANEL	919	0.5223447355118508	0.1889915726754825	0.633279705978334	0.1251388374676046	0.6317985652633684
RANDOM_MATCHED_PANEL	920	0.5520639847929024	0.1917241976238548	0.6370849028650148	0.2047081327903246	0.535139615307668
RANDOM_MATCHED_PANEL	921	0.5045268365141148	0.1694518798859568	0.6442119824268369	0.2087806985067259	0.6108110167957549
RANDOM_MATCHED_PANEL	922	0.5262974501366394	0.1924104529627465	0.6268535603344696	0.1430334444033074	0.5157906770699362
RANDOM_MATCHED_PANEL	923	0.5790985886482647	0.1864078791331316	0.6464362725882598	0.1387140565222757	0.594777406232435
RANDOM_MATCHED_PANEL	924	0.5699580777965793	0.1772231661244531	0.6541221064838619	0.1517030729359496	0.6349614640791867
RANDOM_MATCHED_PANEL	925	0.548438538105653	0.1757504936308168	0.6461905063841071	0.2989941996791312	0.5067687940019243
RANDOM_MATCHED_PANEL	926	0.5373694388409896	0.1921815970466689	0.6347934964482926	0.2628964581019375	0.4521611554107481
RANDOM_MATCHED_PANEL	927	0.5153992881681642	0.1868719298985451	0.6431720150015974	0.1488029125015426	0.583535777911153
RANDOM_MATCHED_PANEL	928	0.5526747670202615	0.17382693644378	0.6477521234444342	0.3261137850178947	0.4911924700143854
RANDOM_MATCHED_PANEL	929	0.5767769092941027	0.1966056930029539	0.6388890708235389	0.2118968283351845	0.5180390027341926
RANDOM_MATCHED_PANEL	930	0.5239371032570792	0.1847077844607625	0.6392800304292452	0.1982599037393558	0.573942286623415
RANDOM_MATCHED_PANEL	931	0.4555695794620616	0.1945390115632392	0.6580771695271805	0.2097371343946686	0.5390646584164547
RANDOM_MATCHED_PANEL	932	0.5139147227502363	0.1838822607199482	0.658269223484313	0.2308404294705665	0.6183562452961406
RANDOM_MATCHED_PANEL	933	0.5213763279044558	0.1978975751384872	0.6321194391023077	0.2266753054424287	0.5419226995150856
RANDOM_MATCHED_PANEL	934	0.5062788082156439	0.202098747714669	0.6413106186844862	0.2828890534369986	0.5756475844789315
RANDOM_MATCHED_PANEL	935	0.5366259275055799	0.2096121398461694	0.6570338686202004	0.1822473158089596	0.5410081263635238
RANDOM_MATCHED_PANEL	936	0.5116727372681025	0.1786446404570869	0.6441175337856716	0.3571516722201654	0.5647679746968094
RANDOM_MATCHED_PANEL	937	0.5205989175427763	0.1710226376822064	0.6284708058233416	0.2074540293718376	0.6130974496746596
RANDOM_MATCHED_PANEL	938	0.4760280232245157	0.1900530048239163	0.6434467007692264	0.2315191904233	0.4776263015995503
RANDOM_MATCHED_PANEL	939	0.5559161283185382	0.1790194830122923	0.6421982543932044	0.1683327162779217	0.5556603503958386
RANDOM_MATCHED_PANEL	940	0.559034130704791	0.1762836603455314	0.6270056323520395	0.023664075033938	0.6351615269560908
RANDOM_MATCHED_PANEL	941	0.5090388897769468	0.1940785448845707	0.6277137860347057	0.2502159693940516	0.5716082197261997
RANDOM_MATCHED_PANEL	942	0.5399789494353121	0.1915956445376464	0.6425143696699063	0.1306306306306306	0.5824687759009973
RANDOM_MATCHED_PANEL	943	0.546096681883266	0.1770489939489226	0.6404222360833657	0.1471060101197087	0.6558442177065172
RANDOM_MATCHED_PANEL	944	0.5076373132908589	0.211582317214617	0.6402038238573255	0.2583611008268542	0.517153009993617
RANDOM_MATCHED_PANEL	945	0.5390263424576701	0.1769712553211953	0.6391403199210257	0.2807602122670616	0.6016748120837977
RANDOM_MATCHED_PANEL	946	0.5072269446946102	0.1889309905615329	0.6394153812701459	0.2303467851413057	0.5739613402307392
RANDOM_MATCHED_PANEL	947	0.5503082459437563	0.1961679367419221	0.6426435904776161	0.0849376774034308	0.5858507912010441
RANDOM_MATCHED_PANEL	948	0.5598191678773399	0.1983426272540602	0.639073666151142	0.2504010860175244	0.5603094305829451
RANDOM_MATCHED_PANEL	949	0.5118193405897953	0.1695912191189071	0.641932275957723	0.1410280143156855	0.6136976383053722
RANDOM_MATCHED_PANEL	950	0.5121866575415406	0.1774249117190239	0.6330216189048413	0.2182216463038381	0.5668162374841617
RANDOM_MATCHED_PANEL	951	0.5093361346932775	0.1964345897330961	0.6505223016464677	0.2010366530914476	0.597187687558947
RANDOM_MATCHED_PANEL	952	0.5518864385244596	0.1877918340182744	0.6487074131263887	0.3088362334937678	0.5228214581725685
RANDOM_MATCHED_PANEL	953	0.5471855099705601	0.1856992278830661	0.6360865249208042	0.2106627175120326	0.5402269284632313
RANDOM_MATCHED_PANEL	954	0.5382296911624705	0.1793320555479708	0.6379031019564876	0.2806059484141676	0.5775910524260005
RANDOM_MATCHED_PANEL	955	0.5104480313530945	0.1762791864791129	0.6362713416604616	0.1662964334197211	0.6065620623624567
RANDOM_MATCHED_PANEL	956	0.5500541727754344	0.1802564390143185	0.6345098788429486	0.2055720103665309	0.5998932997989844
RANDOM_MATCHED_PANEL	957	0.5457026276713697	0.1915043537705383	0.6311896277532065	0.2159693940515858	0.5806967904198461
RANDOM_MATCHED_PANEL	958	0.5407741745255126	0.1855011532740989	0.6531553603964261	0.1416759224978403	0.5525450855983308
RANDOM_MATCHED_PANEL	959	0.486321098916177	0.1708241572373272	0.6403417500890634	0.180211032950759	0.5944153876932748
RANDOM_MATCHED_PANEL	960	0.50108973675765	0.1894769887785912	0.6407763173916052	0.1720659015179563	0.5920432135814113
RANDOM_MATCHED_PANEL	961	0.48876473656053	0.1867779769052525	0.6455255618435423	0.1607429347155374	0.5921480084216945
RANDOM_MATCHED_PANEL	962	0.5023461114159841	0.1753119703336673	0.6533524167921496	0.2923300012341109	0.5252889003210532
RANDOM_MATCHED_PANEL	963	0.5473080603406708	0.1699666330073474	0.6492396137415423	0.2312415154880908	0.5731801423304468
RANDOM_MATCHED_PANEL	964	0.517850601481151	0.1670565555586152	0.6377228278446665	0.1394545230161668	0.6181561824192365
RANDOM_MATCHED_PANEL	965	0.4917885469522404	0.1959364091278506	0.6335862462443573	0.3252499074416883	0.5511160650490153
RANDOM_MATCHED_PANEL	966	0.541011830088144	0.178028616766258	0.6385594796170847	0.3594347772429964	0.4604018405784675
RANDOM_MATCHED_PANEL	967	0.5633290514121636	0.1685131390653508	0.6206627759130027	0.3177835369616192	0.5482866043613707
RANDOM_MATCHED_PANEL	968	0.5249269344238677	0.1667745783540228	0.6505052371086779	0.241299518696779	0.5495346156411062
RANDOM_MATCHED_PANEL	969	0.5488199722346566	0.1872361403763851	0.6438912418351207	0.1809514994446501	0.5467242085607857
RANDOM_MATCHED_PANEL	970	0.5165104529834005	0.1722976055985032	0.6421759916499852	0.2192397877329384	0.6367239227566759
RANDOM_MATCHED_PANEL	971	0.5581984284560257	0.1912135782955276	0.6446191704808483	0.0902443539429841	0.6381719969133156
RANDOM_MATCHED_PANEL	972	0.5412031994101004	0.1703080639681346	0.6369607660965109	0.2312723682586696	0.6011984719006925
RANDOM_MATCHED_PANEL	973	0.5041075378583307	0.1801900775010511	0.6379232022158268	0.1121189682833518	0.6583116598550021
RANDOM_MATCHED_PANEL	974	0.5295516505523307	0.1790567438319771	0.6319474880098981	0.2155374552634827	0.5176865109986948
RANDOM_MATCHED_PANEL	975	0.5271090313289606	0.2074876448244893	0.645660265011252	0.0952425027767493	0.5956633989730106
RANDOM_MATCHED_PANEL	976	0.5173311925659059	0.2066817179538067	0.6514080468059555	0.329106503764038	0.5392933017043451
RANDOM_MATCHED_PANEL	977	0.5318496533849956	0.1901285786897126	0.6426070524393146	0.1776194002221399	0.5201634799508417
RANDOM_MATCHED_PANEL	978	0.5256949593154358	0.1793162843336317	0.6358357046087716	0.1891891891891892	0.5929006259110006
RANDOM_MATCHED_PANEL	979	0.5263630414926339	0.2045860580275326	0.6351780173984837	0.3496235961989387	0.4194365848314232
RANDOM_MATCHED_PANEL	980	0.4846400170837585	0.1798182293018571	0.6342075468369593	0.2085030235715167	0.5700077167109663
RANDOM_MATCHED_PANEL	981	0.5250130546488321	0.1639034301234063	0.6374988802552278	0.1409354560039492	0.5862318633475282
RANDOM_MATCHED_PANEL	982	0.4968280979063216	0.1775491304266178	0.6424351102480165	0.1388991731457484	0.6131641373002943
RANDOM_MATCHED_PANEL	983	0.5346338370950879	0.2182409709848726	0.652971370999531	0.1505615204245341	0.5550506349614641
RANDOM_MATCHED_PANEL	984	0.5494032846682048	0.1962632414140253	0.6467908503960825	0.2222325064790818	0.4689188030523879
RANDOM_MATCHED_PANEL	985	0.5313508589750464	0.1894423508797297	0.6442988952938647	0.2142724916697519	0.6050473005801823
RANDOM_MATCHED_PANEL	986	0.5199595042540948	0.1882289484026553	0.6498073665096862	0.2243922004195977	0.5892994941267254
RANDOM_MATCHED_PANEL	987	0.5360029205154867	0.1911105571870316	0.6482158055168555	0.1689189189189189	0.5840025912905961
RANDOM_MATCHED_PANEL	988	0.531977414647281	0.2038268782770928	0.637184384336498	0.2021473528322843	0.5784008307372794
RANDOM_MATCHED_PANEL	989	0.5435820033819688	0.1833385389817388	0.6426753446553479	0.2543193878810317	0.5807920584564672
RANDOM_MATCHED_PANEL	990	0.5201731891755369	0.1907136736796447	0.6575545519774356	0.2685116623472788	0.5371307172730476
RANDOM_MATCHED_PANEL	991	0.5143372357727111	0.1812124310353722	0.6439485365385995	0.1657719363198815	0.5629769356083341
RANDOM_MATCHED_PANEL	992	0.520268786749839	0.1880100899564187	0.6407005539593484	0.0623843021103295	0.5524498175617097
RANDOM_MATCHED_PANEL	993	0.5259688545599459	0.1923702724481755	0.6383554357937006	0.2272615080834258	0.5456953137652786
RANDOM_MATCHED_PANEL	994	0.495130340295591	0.1787819432838395	0.650722086676223	0.1727138097001111	0.6133260929625501
RANDOM_MATCHED_PANEL	995	0.5222950833989837	0.2038890464331183	0.6363829307001115	0.1962853264223127	0.5751236102775158
RANDOM_MATCHED_PANEL	996	0.5403150838600485	0.1914650165060355	0.6442867385995983	0.3143280266567939	0.4947459677803499
RANDOM_MATCHED_PANEL	997	0.5469955732996712	0.1962923079664293	0.6535428177166545	0.1761076144637788	0.6355044918879267
RANDOM_MATCHED_PANEL	998	0.565146678150625	0.1827017285677142	0.6345018625284855	0.0819141058867086	0.6353139558146845
RANDOM_MATCHED_PANEL	999	0.5382131605745694	0.1868665483803657	0.64844613701625	0.185702826113785	0.6088103880267132
RANDOM_MATCHED_PANEL	1000	0.5239258737651686	0.1990095697132036	0.6425452971445142	0.1947735406639517	0.5655301189897778
